person_id,first_name,last_name,party_name,us_state_id,district_no,display_name,Chamber,current_staff_count,staff_departed,turnover_rate
189803,Jimmy,Patronis,Republican,FL,1,Rep. Jimmy Patronis R-FL-1,House,9,0,0
276525,Victoria,Spartz,Republican,IN,5,Rep. Victoria Spartz R-IN-5,House,10,4,0.4
495840,Derek,Schmidt,Republican,KS,2,Rep. Derek Schmidt R-KS-2,House,10,0,0
375113,Carlos,Gim√©nez,Republican,FL,28,Rep. Carlos Gim√©nez R-FL-28,House,11,5,0.45454545454545453
356900,Lauren,Boebert,Republican,CO,4,Rep. Lauren Boebert R-CO-4,House,11,4,0.36363636363636365
260201,Byron,Donalds,Republican,FL,19,Rep. Byron Donalds R-FL-19,House,11,4,0.36363636363636365
509056,Brian,Jack,Republican,GA,3,Rep. Brian Jack R-GA-3,House,11,4,0.36363636363636365
194760,Lance,Gooden,Republican,TX,5,Rep. Lance Gooden R-TX-5,House,11,3,0.2727272727272727
387213,Shri,Thanedar,Democrat,MI,13,Rep. Shri Thanedar D-MI-13,House,11,2,0.18181818181818182
51318,Ed,Case,Democrat,HI,1,Rep. Ed Case D-HI-1,House,11,0,0
364729,Anna,Luna,Republican,FL,13,Rep. Anna Luna R-FL-13,House,12,12,1
306837,Tim,Burchett,Republican,TN,2,Rep. Tim Burchett R-TN-2,House,12,7,0.5833333333333334
242992,Mike,Kennedy,Republican,UT,3,Rep. Mike Kennedy R-UT-3,House,12,7,0.5833333333333334
260571,Kevin,Kiley,Republican,CA,3,Rep. Kevin Kiley R-CA-3,House,12,5,0.4166666666666667
192276,Ryan,Zinke,Republican,MT,1,Rep. Ryan Zinke R-MT,House,12,4,0.3333333333333333
461790,Lateefah,Simon,Democrat,CA,12,Rep. Lateefah Simon D-CA-12,House,12,3,0.25
438624,Rudy,Yakym,Republican,IN,2,Rep. Rudy Yakym R-IN-2,House,12,3,0.25
167171,Julie,Fedorchak,Republican,ND,1,Rep. Julie Fedorchak R-ND,House,12,2,0.16666666666666666
86201,Jeff,Crank,Republican,CO,5,Rep. Jeff Crank R-CO-5,House,12,1,0.083333333
239412,Bob,Onder,Republican,MO,3,Rep. Bob Onder R-MO-3,House,12,1,0.083333333
356414,Burgess,Owens,Republican,UT,4,Rep. Burgess Owens R-UT-4,House,12,1,0.083333333
300526,Luz,Rivas,Democrat,CA,29,Rep. Luz Rivas D-CA-29,House,12,1,0.083333333
493583,Jefferson,Shreve,Republican,IN,6,Rep. Jefferson Shreve R-IN-6,House,12,1,0.083333333
241364,Craig,Goldman,Republican,TX,12,Rep. Craig Goldman R-TX-12,House,12,0,0
482859,Brad,Knott,Republican,NC,13,Rep. Brad Knott R-NC-13,House,12,0,0
441370,Jim,Moylan,Republican,GU,1,Del. Jim Moylan R-GU-1,House,13,8,0.6153846153846154
258012,Chuck,Edwards,Republican,NC,11,Rep. Chuck Edwards R-NC-11,House,13,7,0.5384615384615384
263761,Ashley,Hinson,Republican,IA,2,Rep. Ashley Hinson R-IA-2,House,13,7,0.5384615384615384
24817,William,Timmons,Republican,SC,4,Rep. William Timmons R-SC-4,House,13,7,0.5384615384615384
196208,Michelle,Fischbach,Republican,MN,7,Rep. Michelle Fischbach R-MN-7,House,13,6,0.46153846153846156
476979,Pat,Harrigan,Republican,NC,10,Rep. Pat Harrigan R-NC-10,House,13,6,0.46153846153846156
417207,Nick,Begich,Republican,AK,1,Rep. Nick Begich R-AK,House,13,5,0.38461538461538464
369725,Mary,Miller,Republican,IL,15,Rep. Mary Miller R-IL-15,House,13,4,0.3076923076923077
189831,Greg,Steube,Republican,FL,17,Rep. Greg Steube R-FL-17,House,13,4,0.3076923076923077
495551,Tony,Wied,Republican,WI,8,Rep. Tony Wied R-WI-8,House,13,4,0.3076923076923077
259506,Neal,Dunn,Republican,FL,2,Rep. Neal Dunn R-FL-2,House,13,3,0.23076923076923078
487250,Brandon,Gill,Republican,TX,26,Rep. Brandon Gill R-TX-26,House,13,3,0.23076923076923078
479918,Abe,Hamadeh,Republican,AZ,8,Rep. Abe Hamadeh R-AZ-8,House,13,3,0.23076923076923078
324209,Wesley,Hunt,Republican,TX,38,Rep. Wesley Hunt R-TX-38,House,13,2,0.15384615384615385
51564,Nancy,Pelosi,Democrat,CA,11,Rep. Nancy Pelosi D-CA-11,House,13,2,0.15384615384615385
190616,Randy,Feenstra,Republican,IA,4,Rep. Randy Feenstra R-IA-4,House,13,1,0.076923077
260192,Randy,Fine,Republican,FL,6,Rep. Randy Fine R-FL-6,House,13,1,0.076923077
239872,Adam,Gray,Democrat,CA,13,Rep. Adam Gray D-CA-13,House,13,1,0.076923077
66866,Dina,Titus,Democrat,NV,1,Rep. Dina Titus D-NV-1,House,13,1,0.076923077
458450,George,Whitesides,Democrat,CA,27,Rep. George Whitesides D-CA-27,House,13,1,0.076923077
443065,Gabe,Evans,Republican,CO,8,Rep. Gabe Evans R-CO-8,House,13,0,0
59063,Stacey,Plaskett,Democrat,VI,1,Del. Stacey Plaskett D-VI-1,House,13,0,0
196439,Nellie,Pou,Democrat,NJ,9,Rep. Nellie Pou D-NJ-9,House,13,0,0
431938,Laurel,Lee,Republican,FL,15,Rep. Laurel Lee R-FL-15,House,14,12,0.8571428571428571
313246,Mariannette,Miller-Meeks,Republican,IA,1,Rep. Mariannette Miller-Meeks R-IA-1,House,14,9,0.6428571428571429
66841,Tom,McClintock,Republican,CA,5,Rep. Tom McClintock R-CA-5,House,14,7,0.5
51654,Mike,Turner,Republican,OH,10,Rep. Mike Turner R-OH-10,House,14,7,0.5
194024,Cliff,Bentz,Republican,OR,2,Rep. Cliff Bentz R-OR-2,House,14,6,0.42857142857142855
250906,Russell,Fry,Republican,SC,7,Rep. Russell Fry R-SC-7,House,14,6,0.42857142857142855
196391,Claudia,Tenney,Republican,NY,24,Rep. Claudia Tenney R-NY-24,House,14,6,0.42857142857142855
370297,Diana,Harshbarger,Republican,TN,1,Rep. Diana Harshbarger R-TN-1,House,14,5,0.35714285714285715
259548,David,Kustoff,Republican,TN,8,Rep. David Kustoff R-TN-8,House,14,5,0.35714285714285715
51885,Bob,Latta,Republican,OH,5,Rep. Bob Latta R-OH-5,House,14,5,0.35714285714285715
307520,Tracey,Mann,Republican,KS,1,Rep. Tracey Mann R-KS-1,House,14,5,0.35714285714285715
51507,Michael,McCaul,Republican,TX,10,Rep. Michael McCaul R-TX-10,House,14,5,0.35714285714285715
51612,David,Scott,Democrat,GA,13,Rep. David Scott D-GA-13,House,14,5,0.35714285714285715
51492,Frank,Lucas,Republican,OK,3,Rep. Frank Lucas R-OK-3,House,14,4,0.2857142857142857
128188,Kweisi,Mfume,Democrat,MD,7,Rep. Kweisi Mfume D-MD-7,House,14,4,0.2857142857142857
342886,Beth,Van Duyne,Republican,TX,24,Rep. Beth Van Duyne R-TX-24,House,14,4,0.2857142857142857
219431,Gabe,Vasquez,Democrat,NM,2,Rep. Gabe Vasquez D-NM-2,House,14,4,0.2857142857142857
189182,Andy,Biggs,Republican,AZ,5,Rep. Andy Biggs R-AZ-5,House,14,3,0.21428571428571427
195470,Glenn,Grothman,Republican,WI,6,Rep. Glenn Grothman R-WI-6,House,14,3,0.21428571428571427
306851,John,Joyce,Republican,PA,13,Rep. John Joyce R-PA-13,House,14,3,0.21428571428571427
509930,Kim,King-Hinds,Republican,MP,1,Del. Kim King-Hinds R-MP-1,House,14,3,0.21428571428571427
195239,Carol,Miller,Republican,WV,1,Rep. Carol Miller R-WV-1,House,14,3,0.21428571428571427
370303,Blake,Moore,Republican,UT,1,Rep. Blake Moore R-UT-1,House,14,3,0.21428571428571427
198835,Thomas,Massie,Republican,KY,4,Rep. Thomas Massie R-KY-4,House,14,2,0.14285714285714285
278925,John,McGuire,Republican,VA,5,Rep. John McGuire R-VA-5,House,14,2,0.14285714285714285
259537,John,Rutherford,Republican,FL,5,Rep. John Rutherford R-FL-5,House,14,2,0.14285714285714285
240045,Aaron,Bean,Republican,FL,4,Rep. Aaron Bean R-FL-4,House,14,1,0.071428571
196471,Herb,Conaway,Democrat,NJ,3,Rep. Herb Conaway D-NJ-3,House,14,1,0.071428571
312790,Sarah,Elfreth,Democrat,MD,3,Rep. Sarah Elfreth D-MD-3,House,14,1,0.071428571
313013,Julie,Johnson,Democrat,TX,32,Rep. Julie Johnson D-TX-32,House,14,1,0.071428571
190428,Mark,Messmer,Republican,IN,8,Rep. Mark Messmer R-IN-8,House,14,1,0.071428571
50654,Dave,Min,Democrat,CA,47,Rep. Dave Min D-CA-47,House,14,1,0.071428571
227706,Dan,Newhouse,Republican,WA,4,Rep. Dan Newhouse R-WA-4,House,14,1,0.071428571
191891,Johnny,Olszewski,Democrat,MD,2,Rep. Johnny Olszewski D-MD-2,House,14,1,0.071428571
194221,Scott,Perry,Republican,PA,10,Rep. Scott Perry R-PA-10,House,14,1,0.071428571
194287,Lloyd,Smucker,Republican,PA,11,Rep. Lloyd Smucker R-PA-11,House,14,1,0.071428571
490312,Dave,Taylor,Republican,OH,2,Rep. Dave Taylor R-OH-2,House,14,1,0.071428571
347939,Jake,Auchincloss,Democrat,MA,4,Rep. Jake Auchincloss D-MA-4,House,14,0,0
129734,Maggie,Goodlander,Democrat,NH,2,Rep. Maggie Goodlander D-NH-2,House,14,0,0
307624,Mark,Harris,Republican,NC,8,Rep. Mark Harris R-NC-8,House,14,0,0
198877,April,McClain Delaney,Democrat,MD,6,Rep. April McClain Delaney D-MD-6,House,14,0,0
442516,Kristen,McDonald Rivet,Democrat,MI,8,Rep. Kristen McDonald Rivet D-MI-8,House,14,0,0
260357,Addison,McDowell,Republican,NC,6,Rep. Addison McDowell R-NC-6,House,14,0,0
478640,Derek,Tran,Democrat,CA,45,Rep. Derek Tran D-CA-45,House,14,0,0
435358,Andy,Ogles,Republican,TN,5,Rep. Andy Ogles R-TN-5,House,15,8,0.5333333333333333
2968,Josh,Brecheen,Republican,OK,2,Rep. Josh Brecheen R-OK-2,House,15,7,0.4666666666666667
51856,Steve,Cohen,Democrat,TN,9,Rep. Steve Cohen D-TN-9,House,15,7,0.4666666666666667
411632,Juan,Ciscomani,Republican,AZ,6,Rep. Juan Ciscomani R-AZ-6,House,15,6,0.4
404823,Morgan,Luttrell,Republican,TX,8,Rep. Morgan Luttrell R-TX-8,House,15,6,0.4
387499,Jasmine,Crockett,Democrat,TX,30,Rep. Jasmine Crockett D-TX-30,House,15,5,0.3333333333333333
17888,Vince,Fong,Republican,CA,20,Rep. Vince Fong R-CA-20,House,15,5,0.3333333333333333
41337,Jimmy,Gomez,Democrat,CA,34,Rep. Jimmy Gomez D-CA-34,House,15,5,0.3333333333333333
337881,Marjorie Taylor,Greene,Republican,GA,14,Rep. Marjorie Taylor Greene R-GA-14,House,15,5,0.3333333333333333
54720,Bill,Huizenga,Republican,MI,4,Rep. Bill Huizenga R-MI-4,House,15,5,0.3333333333333333
396825,Julia,Letlow,Republican,LA,5,Rep. Julia Letlow R-LA-5,House,15,5,0.3333333333333333
190192,Barry,Moore,Republican,AL,1,Rep. Barry Moore R-AL-1,House,15,5,0.3333333333333333
242375,Brittany,Pettersen,Democrat,CO,7,Rep. Brittany Pettersen D-CO-7,House,15,5,0.3333333333333333
242608,Tom,Barrett,Republican,MI,7,Rep. Tom Barrett R-MI-7,House,15,4,0.26666666666666666
195413,Michael,Baumgartner,Republican,WA,5,Rep. Michael Baumgartner R-WA-5,House,15,4,0.26666666666666666
263841,Janelle,Bynum,Democrat,OR,5,Rep. Janelle Bynum D-OR-5,House,15,4,0.26666666666666666
80750,Judy,Chu,Democrat,CA,28,Rep. Judy Chu D-CA-28,House,15,4,0.26666666666666666
151733,Paul,Gosar,Republican,AZ,9,Rep. Paul Gosar R-AZ-9,House,15,4,0.26666666666666666
321259,Celeste,Maloy,Republican,UT,2,Rep. Celeste Maloy R-UT-2,House,15,4,0.26666666666666666
250883,Guy,Reschenthaler,Republican,PA,14,Rep. Guy Reschenthaler R-PA-14,House,15,4,0.26666666666666666
309820,Michael,Rulli,Republican,OH,6,Rep. Michael Rulli R-OH-6,House,15,4,0.26666666666666666
173107,Erin,Houchin,Republican,IN,9,Rep. Erin Houchin R-IN-9,House,15,3,0.2
286813,Sydney,Kamlager,Democrat,CA,37,Rep. Sydney Kamlager D-CA-37,House,15,3,0.2
193056,Tim,Kennedy,Democrat,NY,26,Rep. Tim Kennedy D-NY-26,House,15,3,0.2
81211,Nick,LaLota,Republican,NY,1,Rep. Nick LaLota R-NY-1,House,15,3,0.2
3265,Chip,Roy,Republican,TX,21,Rep. Chip Roy R-TX-21,House,15,3,0.2
478639,Rob,Bresnahan,Republican,PA,8,Rep. Rob Bresnahan R-PA-8,House,15,2,0.13333333333333333
407516,Eli,Crane,Republican,AZ,2,Rep. Eli Crane R-AZ-2,House,15,2,0.13333333333333333
253419,Warren,Davidson,Republican,OH,8,Rep. Warren Davidson R-OH-8,House,15,2,0.13333333333333333
56036,Brad,Finstad,Republican,MN,1,Rep. Brad Finstad R-MN-1,House,15,2,0.13333333333333333
242980,Sylvia,Garcia,Democrat,TX,29,Rep. Sylvia Garcia D-TX-29,House,15,2,0.13333333333333333
306829,John,Rose,Republican,TN,6,Rep. John Rose R-TN-6,House,15,2,0.13333333333333333
22560,Marlin,Stutzman,Republican,IN,3,Rep. Marlin Stutzman R-IN-3,House,15,2,0.13333333333333333
260128,Nanette,Barrag√°n,Democrat,CA,44,Rep. Nanette Barrag√°n D-CA-44,House,15,1,0.066666667
422300,Laura,Gillen,Democrat,NY,4,Rep. Laura Gillen D-NY-4,House,15,1,0.066666667
390734,John,Mannion,Democrat,NY,22,Rep. John Mannion D-NY-22,House,15,1,0.066666667
242346,Kevin,Mullin,Democrat,CA,15,Rep. Kevin Mullin D-CA-15,House,15,1,0.066666667
192181,Rashida,Tlaib,Democrat,MI,12,Rep. Rashida Tlaib D-MI-12,House,15,1,0.066666667
471890,Wesley,Bell,Democrat,MO,1,Rep. Wesley Bell D-MO-1,House,15,0,0
196334,George,Latimer,Democrat,NY,16,Rep. George Latimer D-NY-16,House,15,0,0
386222,Sarah,McBride,Democrat,DE,1,Rep. Sarah McBride D-DE,House,15,0,0
26827,Riley,Moore,Republican,WV,2,Rep. Riley Moore R-WV-2,House,15,0,0
198832,Raul,Ruiz,Democrat,CA,25,Rep. Raul Ruiz D-CA-25,House,15,0,0
190067,Buddy,Carter,Republican,GA,1,Rep. Buddy Carter R-GA-1,House,16,15,0.9375
413605,Keith,Self,Republican,TX,3,Rep. Keith Self R-TX-3,House,16,9,0.5625
306852,Dan,Meuser,Republican,PA,9,Rep. Dan Meuser R-PA-9,House,16,8,0.5
194785,Randy,Weber,Republican,TX,14,Rep. Randy Weber R-TX-14,House,16,8,0.5
260129,Clay,Higgins,Republican,LA,3,Rep. Clay Higgins R-LA-3,House,16,7,0.4375
51495,Stephen,Lynch,Democrat,MA,8,Rep. Stephen Lynch D-MA-8,House,16,7,0.4375
195970,Ralph,Norman,Republican,SC,5,Rep. Ralph Norman R-SC-5,House,16,7,0.4375
190391,Jim,Baird,Republican,IN,4,Rep. Jim Baird R-IN-4,House,16,6,0.375
189728,Mike,Haridopolos,Republican,FL,8,Rep. Mike Haridopolos R-FL-8,House,16,6,0.375
417822,Nathaniel,Moran,Republican,TX,1,Rep. Nathaniel Moran R-TX-1,House,16,6,0.375
59657,Andr√©,Carson,Democrat,IN,7,Rep. Andr√© Carson D-IN-7,House,16,5,0.3125
369609,Andrew,Clyde,Republican,GA,9,Rep. Andrew Clyde R-GA-9,House,16,5,0.3125
242806,Don,Davis,Democrat,NC,1,Rep. Don Davis D-NC-1,House,16,5,0.3125
399217,Dale,Strong,Republican,AL,5,Rep. Dale Strong R-AL-5,House,16,5,0.3125
151747,Daniel,Webster,Republican,FL,11,Rep. Daniel Webster R-FL-11,House,16,5,0.3125
65916,Bill,Foster,Democrat,IL,11,Rep. Bill Foster D-IL-11,House,16,4,0.25
308116,John,James,Republican,MI,10,Rep. John James R-MI-10,House,16,4,0.25
199009,Scott,Peters,Democrat,CA,50,Rep. Scott Peters D-CA-50,House,16,4,0.25
195556,Mark,Pocan,Democrat,WI,2,Rep. Mark Pocan D-WI-2,House,16,4,0.25
189588,Lou,Correa,Democrat,CA,46,Rep. Lou Correa D-CA-46,House,16,3,0.1875
191010,Russ,Fulcher,Republican,ID,1,Rep. Russ Fulcher R-ID-1,House,16,3,0.1875
429181,Marie,Gluesenkamp Perez,Democrat,WA,3,Rep. Marie Gluesenkamp Perez D-WA-3,House,16,3,0.1875
431425,Seth,Magaziner,Democrat,RI,2,Rep. Seth Magaziner D-RI-2,House,16,3,0.1875
192884,Tim,Moore,Republican,NC,14,Rep. Tim Moore R-NC-14,House,16,3,0.1875
250861,Greg,Murphy,Republican,NC,3,Rep. Greg Murphy R-NC-3,House,16,3,0.1875
65300,Josh,Riley,Democrat,NY,19,Rep. Josh Riley D-NY-19,House,16,3,0.1875
198820,Joyce,Beatty,Democrat,OH,3,Rep. Joyce Beatty D-OH-3,House,16,2,0.125
51338,Henry,Cuellar,Democrat,TX,28,Rep. Henry Cuellar D-TX-28,House,16,2,0.125
194129,Dwight,Evans,Democrat,PA,3,Rep. Dwight Evans D-PA-3,House,16,2,0.125
272066,Shomari,Figures,Democrat,AL,2,Rep. Shomari Figures D-AL-2,House,16,2,0.125
195469,Scott,Fitzgerald,Republican,WI,5,Rep. Scott Fitzgerald R-WI-5,House,16,2,0.125
259527,Vicente,Gonzalez,Democrat,TX,34,Rep. Vicente Gonzalez D-TX-34,House,16,2,0.125
151794,Mike,Kelly,Republican,PA,16,Rep. Mike Kelly R-PA-16,House,16,2,0.125
422519,Greg,Landsman,Democrat,OH,1,Rep. Greg Landsman D-OH-1,House,16,2,0.125
307341,Susie,Lee,Democrat,NV,3,Rep. Susie Lee D-NV-3,House,16,2,0.125
195099,Jennifer,McClellan,Democrat,VA,4,Rep. Jennifer McClellan D-VA-4,House,16,2,0.125
51541,Jerry,Nadler,Democrat,NY,12,Rep. Jerry Nadler D-NY-12,House,16,2,0.125
336348,Hillary,Scholten,Democrat,MI,3,Rep. Hillary Scholten D-MI-3,House,16,2,0.125
490772,Sheri,Biggs,Republican,SC,3,Rep. Sheri Biggs R-SC-3,House,16,1,0.0625
307601,Gil,Cisneros,Democrat,CA,31,Rep. Gil Cisneros D-CA-31,House,16,1,0.0625
189590,Mark,DeSaulnier,Democrat,CA,10,Rep. Mark DeSaulnier D-CA-10,House,16,1,0.0625
313522,Troy,Downing,Republican,MT,2,Rep. Troy Downing R-MT,House,16,1,0.0625
314425,Jake,Ellzey,Republican,TX,6,Rep. Jake Ellzey R-TX-6,House,16,1,0.0625
381227,Frank,Mrvan,Democrat,IN,1,Rep. Frank Mrvan D-IN-1,House,16,1,0.0625
489640,Sam,Liccardo,Democrat,CA,16,Rep. Sam Liccardo D-CA-16,House,16,0,0
306877,Lucy,McBath,Democrat,GA,6,Rep. Lucy McBath D-GA-6,House,16,0,0
316800,Emily,Randall,Democrat,WA,6,Rep. Emily Randall D-WA-6,House,16,0,0
27589,Marc,Veasey,Democrat,TX,33,Rep. Marc Veasey D-TX-33,House,16,0,0
227499,Gary,Palmer,Republican,AL,6,Rep. Gary Palmer R-AL-6,House,17,11,0.6470588235294118
227481,Elise,Stefanik,Republican,NY,21,Rep. Elise Stefanik R-NY-21,House,17,10,0.5882352941176471
190094,Barry,Loudermilk,Republican,GA,11,Rep. Barry Loudermilk R-GA-11,House,17,9,0.5294117647058824
16857,Young,Kim,Republican,CA,40,Rep. Young Kim R-CA-40,House,17,8,0.47058823529411764
51134,Linda,S√°nchez,Democrat,CA,38,Rep. Linda S√°nchez D-CA-38,House,17,7,0.4117647058823529
177013,Mark,Amodei,Republican,NV,2,Rep. Mark Amodei R-NV-2,House,17,6,0.35294117647058826
338556,Tony,Gonzales,Republican,TX,23,Rep. Tony Gonzales R-TX-23,House,17,6,0.35294117647058826
196429,Tom,Kean,Republican,NJ,7,Rep. Tom Kean R-NJ-7,House,17,6,0.35294117647058826
413789,Harriet,Hageman,Republican,WY,1,Rep. Harriet Hageman R-WY,House,17,5,0.29411764705882354
416993,Mark,Alford,Republican,MO,4,Rep. Mark Alford R-MO-4,House,17,4,0.23529411764705882
51331,Jim,Costa,Democrat,CA,21,Rep. Jim Costa D-CA-21,House,17,4,0.23529411764705882
410426,Chris,Deluzio,Democrat,PA,17,Rep. Chris Deluzio D-PA-17,House,17,4,0.23529411764705882
51410,Al,Green,Democrat,TX,9,Rep. Al Green D-TX-9,House,17,4,0.23529411764705882
306847,Michael,Guest,Republican,MS,3,Rep. Michael Guest R-MS-3,House,17,4,0.23529411764705882
196377,Nicole,Malliotakis,Republican,NY,11,Rep. Nicole Malliotakis R-NY-11,House,17,4,0.23529411764705882
414758,Max,Miller,Republican,OH,7,Rep. Max Miller R-OH-7,House,17,4,0.23529411764705882
51533,Gwen,Moore,Democrat,WI,4,Rep. Gwen Moore D-WI-4,House,17,4,0.23529411764705882
239019,Becca,Balint,Democrat,VT,1,Rep. Becca Balint D-VT,House,17,3,0.17647058823529413
192565,Eric,Burlison,Republican,MO,7,Rep. Eric Burlison R-MO-7,House,17,3,0.17647058823529413
194115,Madeleine,Dean,Democrat,PA,4,Rep. Madeleine Dean D-PA-4,House,17,3,0.17647058823529413
282216,Nikema,Williams,Democrat,GA,5,Rep. Nikema Williams D-GA-5,House,17,3,0.17647058823529413
461974,Gabe,Amo,Democrat,RI,1,Rep. Gabe Amo D-RI-1,House,17,2,0.11764705882352941
404824,Shontel,Brown,Democrat,OH,11,Rep. Shontel Brown D-OH-11,House,17,2,0.11764705882352941
51324,Emanuel,Cleaver,Democrat,MO,5,Rep. Emanuel Cleaver D-MO-5,House,17,2,0.11764705882352941
198811,Suzan,DelBene,Democrat,WA,1,Rep. Suzan DelBene D-WA-1,House,17,2,0.11764705882352941
151806,Scott,DesJarlais,Republican,TN,4,Rep. Scott DesJarlais R-TN-4,House,17,2,0.11764705882352941
260580,Laura,Friedman,Democrat,CA,30,Rep. Laura Friedman D-CA-30,House,17,2,0.11764705882352941
307571,Josh,Harder,Democrat,CA,9,Rep. Josh Harder D-CA-9,House,17,2,0.11764705882352941
313415,Kelly,Morrison,Democrat,MN,3,Rep. Kelly Morrison D-MN-3,House,17,2,0.11764705882352941
362156,Ritchie,Torres,Democrat,NY,15,Rep. Ritchie Torres D-NY-15,House,17,2,0.11764705882352941
193813,Troy,Balderson,Republican,OH,12,Rep. Troy Balderson R-OH-12,House,17,1,0.058823529411764705
182891,Suzanne,Bonamici,Democrat,OR,1,Rep. Suzanne Bonamici D-OR-1,House,17,1,0.058823529411764705
251521,Troy,Carter,Democrat,LA,2,Rep. Troy Carter D-LA-2,House,17,1,0.058823529411764705
304660,Veronica,Escobar,Democrat,TX,16,Rep. Veronica Escobar D-TX-16,House,17,1,0.058823529411764705
198762,Lois,Frankel,Democrat,FL,22,Rep. Lois Frankel D-FL-22,House,17,1,0.058823529411764705
308492,Summer,Lee,Democrat,PA,12,Rep. Summer Lee D-PA-12,House,17,1,0.058823529411764705
502201,LaMonica,McIver,Democrat,NJ,10,Rep. LaMonica McIver D-NJ-10,House,17,1,0.058823529411764705
259491,Tom,Suozzi,Democrat,NY,3,Rep. Tom Suozzi D-NY-3,House,17,1,0.058823529411764705
189620,Juan,Vargas,Democrat,CA,52,Rep. Juan Vargas D-CA-52,House,17,1,0.058823529411764705
478829,Yassamin,Ansari,Democrat,AZ,3,Rep. Yassamin Ansari D-AZ-3,House,17,0,0
461665,Pablo Jos√©,Hern√°ndez,Democrat,PR,1,Resident Commissioner Pablo Jos√© Hern√°ndez D-PR-1,House,17,0,0
158349,Bill,Keating,Democrat,MA,9,Rep. Bill Keating D-MA-9,House,17,0,0
260811,Ilhan,Omar,Democrat,MN,5,Rep. Ilhan Omar D-MN-5,House,17,0,0
482861,Eugene,Vindman,Democrat,VA,7,Rep. Eugene Vindman D-VA-7,House,17,0,0
241090,Stephanie,Bice,Republican,OK,5,Rep. Stephanie Bice R-OK-5,House,18,11,0.6111111111111112
300715,Michael,Cloud,Republican,TX,27,Rep. Michael Cloud R-TX-27,House,18,10,0.5555555555555556
198960,Kat,Cammack,Republican,FL,3,Rep. Kat Cammack R-FL-3,House,18,9,0.5
332030,Rich,McCormick,Republican,GA,7,Rep. Rich McCormick R-GA-7,House,18,9,0.5
398811,Cory,Mills,Republican,FL,7,Rep. Cory Mills R-FL-7,House,18,8,0.4444444444444444
361717,Troy,Nehls,Republican,TX,22,Rep. Troy Nehls R-TX-22,House,18,7,0.3888888888888889
369804,Marilyn,Strickland,Democrat,WA,10,Rep. Marilyn Strickland D-WA-10,House,18,7,0.3888888888888889
57292,Ben,Cline,Republican,VA,6,Rep. Ben Cline R-VA-6,House,18,6,0.3333333333333333
52758,Zach,Nunn,Republican,IA,3,Rep. Zach Nunn R-IA-3,House,18,6,0.3333333333333333
307604,Mar√≠a,Salazar,Republican,FL,27,Rep. Mar√≠a Salazar R-FL-27,House,18,6,0.3333333333333333
367391,Monica,De La Cruz,Republican,TX,15,Rep. Monica De La Cruz R-TX-15,House,18,5,0.2777777777777778
366519,Scott,Franklin,Republican,FL,18,Rep. Scott Franklin R-FL-18,House,18,5,0.2777777777777778
16683,Nick,Langworthy,Republican,NY,23,Rep. Nick Langworthy R-NY-23,House,18,5,0.2777777777777778
194184,Ryan,Mackenzie,Republican,PA,7,Rep. Ryan Mackenzie R-PA-7,House,18,5,0.2777777777777778
192800,Alma,Adams,Democrat,NC,12,Rep. Alma Adams D-NC-12,House,18,4,0.2222222222222222
404369,Mike,Carey,Republican,OH,15,Rep. Mike Carey R-OH-15,House,18,4,0.2222222222222222
107102,Sean,Casten,Democrat,IL,6,Rep. Sean Casten D-IL-6,House,18,4,0.2222222222222222
194881,Joaquin,Castro,Democrat,TX,20,Rep. Joaquin Castro D-TX-20,House,18,4,0.2222222222222222
314122,Sheila,Cherfilus-McCormick,Democrat,FL,20,Rep. Sheila Cherfilus-McCormick D-FL-20,House,18,4,0.2222222222222222
276057,Dan,Crenshaw,Republican,TX,2,Rep. Dan Crenshaw R-TX-2,House,18,4,0.2222222222222222
266792,Ron,Estes,Republican,KS,4,Rep. Ron Estes R-KS-4,House,18,4,0.2222222222222222
320509,Dan,Goldman,Democrat,NY,10,Rep. Dan Goldman D-NY-10,House,18,4,0.2222222222222222
306838,Dusty,Johnson,Republican,SD,1,Rep. Dusty Johnson R-SD,House,18,4,0.2222222222222222
282851,Nancy,Mace,Republican,SC,1,Rep. Nancy Mace R-SC-1,House,18,4,0.2222222222222222
23261,Andrea,Salinas,Democrat,OR,6,Rep. Andrea Salinas D-OR-6,House,18,4,0.2222222222222222
51623,Mike,Simpson,Republican,ID,2,Rep. Mike Simpson R-ID-2,House,18,4,0.2222222222222222
15290,Lori,Trahan,Democrat,MA,3,Rep. Lori Trahan D-MA-3,House,18,4,0.2222222222222222
198788,Andy,Barr,Republican,KY,6,Rep. Andy Barr R-KY-6,House,18,3,0.16666666666666666
314175,Mike,Collins,Republican,GA,10,Rep. Mike Collins R-GA-10,House,18,3,0.16666666666666666
304456,Jahana,Hayes,Democrat,CT,5,Rep. Jahana Hayes D-CT-5,House,18,3,0.16666666666666666
433408,Jonathan,Jackson,Democrat,IL,1,Rep. Jonathan Jackson D-IL-1,House,18,3,0.16666666666666666
304452,Alexandria,Ocasio-Cortez,Democrat,NY,14,Rep. Alexandria Ocasio-Cortez D-NY-14,House,18,3,0.16666666666666666
151731,Terri,Sewell,Democrat,AL,7,Rep. Terri Sewell D-AL-7,House,18,3,0.16666666666666666
418087,Eric,Sorensen,Democrat,IL,17,Rep. Eric Sorensen D-IL-17,House,18,3,0.16666666666666666
80129,Suhas,Subramanyam,Democrat,VA,10,Rep. Suhas Subramanyam D-VA-10,House,18,3,0.16666666666666666
189574,Norma,Torres,Democrat,CA,35,Rep. Norma Torres D-CA-35,House,18,3,0.16666666666666666
227421,Don,Beyer,Democrat,VA,8,Rep. Don Beyer D-VA-8,House,18,2,0.1111111111111111
196030,Mike,Flood,Republican,NE,1,Rep. Mike Flood R-NE-1,House,18,2,0.1111111111111111
51132,Darrell,Issa,Republican,CA,48,Rep. Darrell Issa R-CA-48,House,18,2,0.1111111111111111
218327,Ro,Khanna,Democrat,CA,17,Rep. Ro Khanna D-CA-17,House,18,2,0.1111111111111111
259997,Jimmy,Panetta,Democrat,CA,19,Rep. Jimmy Panetta D-CA-19,House,18,2,0.1111111111111111
51607,Jan,Schakowsky,Democrat,IL,9,Rep. Jan Schakowsky D-IL-9,House,18,2,0.1111111111111111
51618,Brad,Sherman,Democrat,CA,32,Rep. Brad Sherman D-CA-32,House,18,2,0.1111111111111111
151749,Frederica,Wilson,Democrat,FL,24,Rep. Frederica Wilson D-FL-24,House,18,2,0.1111111111111111
227641,Rick,Allen,Republican,GA,12,Rep. Rick Allen R-GA-12,House,18,1,0.055555556
152934,Debbie,Dingell,Democrat,MI,6,Rep. Debbie Dingell D-MI-6,House,18,1,0.055555556
127669,Cleo,Fields,Democrat,LA,6,Rep. Cleo Fields D-LA-6,House,18,1,0.055555556
307598,Lizzie,Fletcher,Democrat,TX,7,Rep. Lizzie Fletcher D-TX-7,House,18,1,0.055555556
411928,Maxwell,Frost,Democrat,FL,10,Rep. Maxwell Frost D-FL-10,House,18,1,0.055555556
240035,Jared,Moskowitz,Democrat,FL,23,Rep. Jared Moskowitz D-FL-23,House,18,1,0.055555556
304652,Chuy,Garc√≠a,Democrat,IL,4,Rep. Chuy Garc√≠a D-IL-4,House,18,0,0
26913,Amata,Radewagen,Republican,AS,1,Del. Amata Radewagen R-AS-1,House,18,0,0
51853,Vern,Buchanan,Republican,FL,16,Rep. Vern Buchanan R-FL-16,House,19,10,0.5263157894736842
210451,Melanie,Stansbury,Democrat,NM,1,Rep. Melanie Stansbury D-NM-1,House,19,7,0.3684210526315789
239406,Jay,Obernolte,Republican,CA,23,Rep. Jay Obernolte R-CA-23,House,19,5,0.2631578947368421
312750,Delia,Ramirez,Democrat,IL,3,Rep. Delia Ramirez D-IL-3,House,19,5,0.2631578947368421
199004,Ami,Bera,Democrat,CA,6,Rep. Ami Bera D-CA-6,House,19,4,0.21052631578947367
189511,Julia,Brownley,Democrat,CA,26,Rep. Julia Brownley D-CA-26,House,19,4,0.21052631578947367
307627,Kim,Schrier,Democrat,WA,8,Rep. Kim Schrier D-WA-8,House,19,4,0.21052631578947367
159021,David,Valadao,Republican,CA,22,Rep. David Valadao R-CA-22,House,19,4,0.21052631578947367
204795,Robin,Kelly,Democrat,IL,2,Rep. Robin Kelly D-IL-2,House,19,3,0.15789473684210525
424340,Rob,Menendez,Democrat,NJ,8,Rep. Rob Menendez D-NJ-8,House,19,3,0.15789473684210525
189828,Darren,Soto,Democrat,FL,9,Rep. Darren Soto D-FL-9,House,19,3,0.15789473684210525
195579,Tom,Tiffany,Republican,WI,7,Rep. Tom Tiffany R-WI-7,House,19,3,0.15789473684210525
190296,Jill,Tokuda,Democrat,HI,2,Rep. Jill Tokuda D-HI-2,House,19,3,0.15789473684210525
196450,Jeff,Van Drew,Republican,NJ,2,Rep. Jeff Van Drew R-NJ-2,House,19,3,0.15789473684210525
51886,Rob,Wittman,Republican,VA,1,Rep. Rob Wittman R-VA-1,House,19,3,0.15789473684210525
51316,John,Carter,Republican,TX,31,Rep. John Carter R-TX-31,House,19,2,0.10526315789473684
241372,Pat,Fallon,Republican,TX,4,Rep. Pat Fallon R-TX-4,House,19,2,0.10526315789473684
179757,Jared,Golden,Democrat,ME,2,Rep. Jared Golden D-ME-2,House,19,2,0.10526315789473684
307336,Mike,Levin,Democrat,CA,49,Rep. Mike Levin D-CA-49,House,19,2,0.10526315789473684
304454,Greg,Stanton,Democrat,AZ,4,Rep. Greg Stanton D-AZ-4,House,19,2,0.10526315789473684
307586,Sharice,Davids,Democrat,KS,3,Rep. Sharice Davids D-KS-3,House,19,1,0.052631579
375017,Maxine,Dexter,Democrat,OR,3,Rep. Maxine Dexter D-OR-3,House,19,1,0.052631579
51135,Pete,Sessions,Republican,TX,17,Rep. Pete Sessions R-TX-17,House,19,1,0.052631579
51627,Chris,Smith,Republican,NJ,4,Rep. Chris Smith R-NJ-4,House,19,1,0.052631579
243182,Emilia,Sykes,Democrat,OH,13,Rep. Emilia Sykes D-OH-13,House,19,1,0.052631579
51796,Hank,Johnson,Democrat,GA,4,Rep. Hank Johnson D-GA-4,House,19,0,0
5061,Ayanna,Pressley,Democrat,MA,7,Rep. Ayanna Pressley D-MA-7,House,19,0,0
198819,Dave,Joyce,Republican,OH,14,Rep. Dave Joyce R-OH-14,House,20,7,0.35
198807,Ann,Wagner,Republican,MO,2,Rep. Ann Wagner R-MO-2,House,20,7,0.35
348387,Jen,Kiggans,Republican,VA,2,Rep. Jen Kiggans R-VA-2,House,20,6,0.3
3787,David,Rouzer,Republican,NC,7,Rep. David Rouzer R-NC-7,House,20,5,0.25
307622,Pete,Stauber,Republican,MN,8,Rep. Pete Stauber R-MN-8,House,20,5,0.25
385782,Derrick,Van Orden,Republican,WI,3,Rep. Derrick Van Orden R-WI-3,House,20,5,0.25
51857,Joe,Courtney,Democrat,CT,2,Rep. Joe Courtney D-CT-2,House,20,4,0.2
306850,Kevin,Hern,Republican,OK,1,Rep. Kevin Hern R-OK-1,House,20,4,0.2
43694,Richard,Hudson,Republican,NC,9,Rep. Richard Hudson R-NC-9,House,20,4,0.2
369735,Sara,Jacobs,Democrat,CA,51,Rep. Sara Jacobs D-CA-51,House,20,4,0.2
51689,Eleanor Holmes,Norton,Democrat,DC,1,Del. Eleanor Holmes Norton D-DC-1,House,20,4,0.2
196433,Donald,Norcross,Democrat,NJ,1,Rep. Donald Norcross D-NJ-1,House,20,3,0.15
151753,Austin,Scott,Republican,GA,8,Rep. Austin Scott R-GA-8,House,20,3,0.15
125942,John,Garamendi,Democrat,CA,8,Rep. John Garamendi D-CA-8,House,20,2,0.1
194048,Val,Hoyle,Democrat,OR,4,Rep. Val Hoyle D-OR-4,House,20,2,0.1
433952,Pat,Ryan,Democrat,NY,18,Rep. Pat Ryan D-NY-18,House,20,2,0.1
196528,Bonnie,Watson Coleman,Democrat,NJ,12,Rep. Bonnie Watson Coleman D-NJ-12,House,20,2,0.1
307328,Jason,Crow,Democrat,CO,6,Rep. Jason Crow D-CO-6,House,20,1,0.05
241000,Valerie,Foushee,Democrat,NC,4,Rep. Valerie Foushee D-NC-4,House,20,1,0.05
134505,Glenn,Ivey,Democrat,MD,4,Rep. Glenn Ivey D-MD-4,House,20,1,0.05
51477,John,Larson,Democrat,CT,1,Rep. John Larson D-CT-1,House,20,1,0.05
75165,Mike,Quigley,Democrat,IL,5,Rep. Mike Quigley D-IL-5,House,20,0,0
51185,Adrian,Smith,Republican,NE,3,Rep. Adrian Smith R-NE-3,House,20,0,0
227109,Don,Bacon,Republican,NE,2,Rep. Don Bacon R-NE-2,House,21,6,0.2857142857142857
260077,Josh,Gottheimer,Democrat,NJ,5,Rep. Josh Gottheimer D-NJ-5,House,21,5,0.23809523809523808
307607,Haley,Stevens,Democrat,MI,11,Rep. Haley Stevens D-MI-11,House,21,5,0.23809523809523808
198825,Eric,Swalwell,Democrat,CA,14,Rep. Eric Swalwell D-CA-14,House,21,5,0.23809523809523808
259485,Salud,Carbajal,Democrat,CA,24,Rep. Salud Carbajal D-CA-24,House,21,4,0.19047619047619047
190794,Darin,LaHood,Republican,IL,16,Rep. Darin LaHood R-IL-16,House,21,4,0.19047619047619047
306855,Chris,Pappas,Democrat,NH,1,Rep. Chris Pappas D-NH-1,House,21,4,0.19047619047619047
307338,Mikie,Sherrill,Democrat,NJ,11,Rep. Mikie Sherrill D-NJ-11,House,21,4,0.19047619047619047
476519,Jeff,Hurd,Republican,CO,3,Rep. Jeff Hurd R-CO-3,House,21,3,0.14285714285714285
356913,Ronny,Jackson,Republican,TX,13,Rep. Ronny Jackson R-TX-13,House,21,3,0.14285714285714285
189606,Ted,Lieu,Democrat,CA,36,Rep. Ted Lieu D-CA-36,House,21,3,0.14285714285714285
192894,Deborah,Ross,Democrat,NC,2,Rep. Deborah Ross D-NC-2,House,21,2,0.095238095
304453,Mary Gay,Scanlon,Democrat,PA,5,Rep. Mary Gay Scanlon D-PA-5,House,21,2,0.095238095
39781,Morgan,McGarvey,Democrat,KY,3,Rep. Morgan McGarvey D-KY-3,House,21,1,0.047619047619047616
51677,Joe,Wilson,Republican,SC,2,Rep. Joe Wilson R-SC-2,House,21,1,0.047619047619047616
51663,Debbie,Wasserman Schultz,Democrat,FL,25,Rep. Debbie Wasserman Schultz D-FL-25,House,21,0,0
151813,Morgan,Griffith,Republican,VA,9,Rep. Morgan Griffith R-VA-9,House,22,10,0.45454545454545453
51850,Gus,Bilirakis,Republican,FL,12,Rep. Gus Bilirakis R-FL-12,House,22,7,0.3181818181818182
151739,Steve,Womack,Republican,AR,3,Rep. Steve Womack R-AR-3,House,22,7,0.3181818181818182
254452,Brian,Fitzpatrick,Republican,PA,1,Rep. Brian Fitzpatrick R-PA-1,House,22,5,0.22727272727272727
151805,Chuck,Fleischmann,Republican,TN,3,Rep. Chuck Fleischmann R-TN-3,House,22,5,0.22727272727272727
234711,Trent,Kelly,Republican,MS,1,Rep. Trent Kelly R-MS-1,House,22,3,0.13636363636363635
51589,Hal,Rogers,Republican,KY,5,Rep. Hal Rogers R-KY-5,House,22,3,0.13636363636363635
413257,Nikki,Budzinski,Democrat,IL,13,Rep. Nikki Budzinski D-IL-13,House,22,2,0.090909091
418214,Greg,Casar,Democrat,TX,35,Rep. Greg Casar D-TX-35,House,22,2,0.090909091
193559,Steven,Horsford,Democrat,NV,4,Rep. Steven Horsford D-NV-4,House,22,2,0.090909091
189602,Doug,LaMalfa,Republican,CA,1,Rep. Doug LaMalfa R-CA-1,House,22,2,0.090909091
51854,Kathy,Castor,Democrat,FL,14,Rep. Kathy Castor D-FL-14,House,22,1,0.045454545454545456
51325,Jim,Clyburn,Democrat,SC,6,Rep. Jim Clyburn D-SC-6,House,22,0,0
51341,Danny,Davis,Democrat,IL,7,Rep. Danny Davis D-IL-7,House,22,0,0
227127,Seth,Moulton,Democrat,MA,6,Rep. Seth Moulton D-MA-6,House,22,0,0
404684,Mike,Ezell,Republican,MS,4,Rep. Mike Ezell R-MS-4,House,23,8,0.34782608695652173
193043,Adriano,Espaillat,Democrat,NY,13,Rep. Adriano Espaillat D-NY-13,House,23,5,0.21739130434782608
196272,Grace,Meng,Democrat,NY,6,Rep. Grace Meng D-NY-6,House,23,5,0.21739130434782608
51626,Adam,Smith,Democrat,WA,9,Rep. Adam Smith D-WA-9,House,23,5,0.21739130434782608
51306,Ken,Calvert,Republican,CA,41,Rep. Ken Calvert R-CA-41,House,23,4,0.17391304347826086
304455,Joe,Neguse,Democrat,CO,2,Rep. Joe Neguse D-CO-2,House,23,4,0.17391304347826086
307305,Lauren,Underwood,Democrat,IL,14,Rep. Lauren Underwood D-IL-14,House,23,4,0.17391304347826086
51277,Sanford,Bishop,Democrat,GA,2,Rep. Sanford Bishop D-GA-2,House,23,3,0.13043478260869565
420280,Robert,Garcia,Democrat,CA,42,Rep. Robert Garcia D-CA-42,House,23,3,0.13043478260869565
306860,Chrissy,Houlahan,Democrat,PA,6,Rep. Chrissy Houlahan D-PA-6,House,23,3,0.13043478260869565
51504,Doris,Matsui,Democrat,CA,7,Rep. Doris Matsui D-CA-7,House,23,2,0.086956522
198829,Mark,Takano,Democrat,CA,39,Rep. Mark Takano D-CA-39,House,23,2,0.086956522
51648,Mike,Thompson,Democrat,CA,4,Rep. Mike Thompson D-CA-4,House,23,1,0.043478260869565216
51508,Betty,McCollum,Democrat,MN,4,Rep. Betty McCollum D-MN-4,House,23,0,0
66859,Chellie,Pingree,Democrat,ME,1,Rep. Chellie Pingree D-ME-1,House,23,0,0
390300,Mike,Lawler,Republican,NY,17,Rep. Mike Lawler R-NY-17,House,24,9,0.375
259504,Jack,Bergman,Republican,MI,1,Rep. Jack Bergman R-MI-1,House,24,5,0.20833333333333334
51490,Zoe,Lofgren,Democrat,CA,18,Rep. Zoe Lofgren D-CA-18,House,24,3,0.125
198769,Brad,Schneider,Democrat,IL,10,Rep. Brad Schneider D-IL-10,House,24,3,0.125
51356,Mario,Diaz-Balart,Republican,FL,26,Rep. Mario Diaz-Balart R-FL-26,House,24,2,0.083333333
51438,Steny,Hoyer,Democrat,MD,5,Rep. Steny Hoyer D-MD-5,House,24,2,0.083333333
239242,Pramila,Jayapal,Democrat,WA,7,Rep. Pramila Jayapal D-WA-7,House,24,1,0.041666666666666664
51659,Nydia,Vel√°zquez,Democrat,NY,7,Rep. Nydia Vel√°zquez D-NY-7,House,24,0,0
189075,Bruce,Westerman,Republican,AR,4,Rep. Bruce Westerman R-AR-4,House,25,10,0.4
66873,Paul,Tonko,Democrat,NY,20,Rep. Paul Tonko D-NY-20,House,25,7,0.28
51476,Rick,Larsen,Democrat,WA,2,Rep. Rick Larsen D-WA-2,House,25,6,0.24
51359,Lloyd,Doggett,Democrat,TX,37,Rep. Lloyd Doggett D-TX-37,House,25,5,0.2
51457,Marcy,Kaptur,Democrat,OH,9,Rep. Marcy Kaptur D-OH-9,House,25,4,0.16
51349,Diana,DeGette,Democrat,CO,1,Rep. Diana DeGette D-CO-1,House,25,0,0
51389,Virginia,Foxx,Republican,NC,5,Rep. Virginia Foxx R-NC-5,House,26,9,0.34615384615384615
190655,Mike,Bost,Republican,IL,12,Rep. Mike Bost R-IL-12,House,26,4,0.15384615384615385
148088,Rick,Crawford,Republican,AR,1,Rep. Rick Crawford R-AR-1,House,27,12,0.4444444444444444
364726,Lisa,McClain,Republican,MI,9,Rep. Lisa McClain R-MI-9,House,27,11,0.4074074074074074
355320,August,Pfluger,Republican,TX,11,Rep. August Pfluger R-TX-11,House,27,10,0.37037037037037035
51250,Robert,Aderholt,Republican,AL,4,Rep. Robert Aderholt R-AL-4,House,27,7,0.25925925925925924
151768,Andy,Harris,Republican,MD,1,Rep. Andy Harris R-MD-1,House,27,5,0.18518518518518517
51855,Yvette,Clarke,Democrat,NY,9,Rep. Yvette Clarke D-NY-9,House,27,2,0.074074074
198778,Roger,Williams,Republican,TX,25,Rep. Roger Williams R-TX-25,House,28,17,0.6071428571428571
51512,Jim,McGovern,Democrat,MA,2,Rep. Jim McGovern D-MA-2,House,28,8,0.2857142857142857
151736,David,Schweikert,Republican,AZ,1,Rep. David Schweikert R-AZ-1,House,28,7,0.25
330602,Teresa,Leger Fernandez,Democrat,NM,3,Rep. Teresa Leger Fernandez D-NM-3,House,28,0,0
227527,Brian,Babin,Republican,TX,36,Rep. Brian Babin R-TX-36,House,29,10,0.3448275862068966
227391,Brendan,Boyle,Democrat,PA,2,Rep. Brendan Boyle D-PA-2,House,29,0,0
189546,Jared,Huffman,Democrat,CA,2,Rep. Jared Huffman D-CA-2,House,30,2,0.066666667
266966,Jim,Justice,Republican,WV,1,Sen. Jim Justice R-WV,Senate,30,0,0
227580,Tom,Emmer,Republican,MN,6,Rep. Tom Emmer R-MN-6,House,31,5,0.16129032258064516
278770,John,Curtis,Republican,UT,2,Sen. John Curtis R-UT,Senate,31,3,0.096774194
66846,Jim,Himes,Democrat,CT,4,Rep. Jim Himes D-CT-4,House,31,3,0.096774194
51543,Richard,Neal,Democrat,MA,1,Rep. Richard Neal D-MA-1,House,31,3,0.096774194
226960,Pete,Aguilar,Democrat,CA,33,Rep. Pete Aguilar D-CA-33,House,31,1,0.032258065
66891,Cynthia,Lummis,Republican,WY,1,Sen. Cynthia Lummis R-WY,Senate,32,8,0.25
254656,Raja,Krishnamoorthi,Democrat,IL,8,Rep. Raja Krishnamoorthi D-IL-8,House,32,2,0.0625
51692,Mike,Rogers,Republican,AL,3,Rep. Mike Rogers R-AL-3,House,32,2,0.0625
307927,Jon,Husted,Republican,OH,2,Sen. Jon Husted R-OH,Senate,32,1,0.03125
489531,Tim,Sheehy,Republican,MT,2,Sen. Tim Sheehy R-MT,Senate,32,1,0.03125
221844,Mike,Rounds,Republican,SD,1,Sen. Mike Rounds R-SD,Senate,33,5,0.15151515151515152
51664,Maxine,Waters,Democrat,CA,43,Rep. Maxine Waters D-CA-43,House,33,4,0.12121212121212122
466203,Angela,Alsobrooks,Democrat,MD,1,Sen. Angela Alsobrooks D-MD,Senate,33,2,0.060606061
259488,Angie,Craig,Democrat,MN,2,Rep. Angie Craig D-MN-2,House,33,2,0.060606061
198817,Markwayne,Mullin,Republican,OK,2,Sen. Markwayne Mullin R-OK,Senate,34,8,0.23529411764705882
191669,Katherine,Clark,Democrat,MA,5,Rep. Katherine Clark D-MA-5,House,34,4,0.11764705882352941
51521,Gregory,Meeks,Democrat,NY,5,Rep. Gregory Meeks D-NY-5,House,34,4,0.11764705882352941
151837,John,Hoeven,Republican,ND,2,Sen. John Hoeven R-ND,Senate,34,2,0.058823529411764705
51557,Frank,Pallone,Democrat,NJ,6,Rep. Frank Pallone D-NJ-6,House,34,1,0.029411764705882353
51407,Sam,Graves,Republican,MO,6,Rep. Sam Graves R-MO-6,House,35,10,0.2857142857142857
259544,Roger,Marshall,Republican,KS,2,Sen. Roger Marshall R-KS,Senate,35,10,0.2857142857142857
59655,Steve,Scalise,Republican,LA,1,Rep. Steve Scalise R-LA-1,House,35,10,0.2857142857142857
230851,Pete,Ricketts,Republican,NE,1,Sen. Pete Ricketts R-NE,Senate,35,9,0.2571428571428571
51647,Bennie,Thompson,Democrat,MS,2,Rep. Bennie Thompson D-MS-2,House,35,2,0.057142857
51351,Rosa,DeLauro,Democrat,CT,3,Rep. Rosa DeLauro D-CT-3,House,36,6,0.16666666666666666
190465,Jim,Banks,Republican,IN,2,Sen. Jim Banks R-IN,Senate,36,4,0.1111111111111111
286518,Cindy,Hyde-Smith,Republican,MS,1,Sen. Cindy Hyde-Smith R-MS,Senate,36,3,0.083333333
196354,Joe,Morelle,Democrat,NY,25,Rep. Joe Morelle D-NY-25,House,36,1,0.027777777777777776
6774,Katie,Britt,Republican,AL,2,Sen. Katie Britt R-AL,Senate,37,9,0.24324324324324326
196054,Deb,Fischer,Republican,NE,2,Sen. Deb Fischer R-NE,Senate,37,6,0.16216216216216217
259549,Jodey,Arrington,Republican,TX,19,Rep. Jodey Arrington R-TX-19,House,38,17,0.4473684210526316
51327,Tom,Cole,Republican,OK,4,Rep. Tom Cole R-OK-4,House,38,12,0.3157894736842105
198810,Steve,Daines,Republican,MT,1,Sen. Steve Daines R-MT,Senate,38,8,0.21052631578947367
192069,Jamie,Raskin,Democrat,MD,8,Rep. Jamie Raskin D-MD-8,House,38,5,0.13157894736842105
374701,Tommy,Tuberville,Republican,AL,1,Sen. Tommy Tuberville R-AL,Senate,38,3,0.078947368
32319,Bryan,Steil,Republican,WI,1,Rep. Bryan Steil R-WI-1,House,39,15,0.38461538461538464
66884,G.T.,Thompson,Republican,PA,15,Rep. G.T. Thompson R-PA-15,House,39,12,0.3076923076923077
192213,John,Moolenaar,Republican,MI,2,Rep. John Moolenaar R-MI-2,House,39,11,0.28205128205128205
260060,Lisa,Blunt Rochester,Democrat,DE,2,Sen. Lisa Blunt Rochester D-DE,Senate,40,3,0.075
198816,Kevin,Cramer,Republican,ND,1,Sen. Kevin Cramer R-ND,Senate,40,3,0.075
398933,Bernie,Moreno,Republican,OH,1,Sen. Bernie Moreno R-OH,Senate,40,0,0
259547,Ted,Budd,Republican,NC,1,Sen. Ted Budd R-NC,Senate,41,10,0.24390243902439024
151793,James,Lankford,Republican,OK,1,Sen. James Lankford R-OK,Senate,41,8,0.1951219512195122
51230,Peter,Welch,Democrat,VT,1,Sen. Peter Welch D-VT,Senate,41,8,0.1951219512195122
52983,Todd,Young,Republican,IN,1,Sen. Todd Young R-IN,Senate,41,7,0.17073170731707318
189136,Ruben,Gallego,Democrat,AZ,1,Sen. Ruben Gallego D-AZ,Senate,41,0,0
307631,Josh,Hawley,Republican,MO,1,Sen. Josh Hawley R-MO,Senate,42,16,0.38095238095238093
260075,John Neely,Kennedy,Republican,LA,1,Sen. John Neely Kennedy R-LA,Senate,42,16,0.38095238095238093
227472,French,Hill,Republican,AR,2,Rep. French Hill R-AR-2,House,42,9,0.21428571428571427
25648,Andy,Kim,Democrat,NJ,1,Sen. Andy Kim D-NJ,Senate,42,2,0.047619047619047616
192743,Eric,Schmitt,Republican,MO,2,Sen. Eric Schmitt R-MO,Senate,43,13,0.3023255813953488
51493,Chris,Murphy,Democrat,CT,2,Sen. Chris Murphy D-CT,Senate,43,5,0.11627906976744186
66871,Ben Ray,Luj√°n,Democrat,NM,2,Sen. Ben Ray Luj√°n D-NM,Senate,44,6,0.13636363636363635
51613,Bobby,Scott,Democrat,VA,3,Rep. Bobby Scott D-VA-3,House,44,1,0.022727272727272728
51279,Marsha,Blackburn,Republican,TN,2,Sen. Marsha Blackburn R-TN,Senate,45,18,0.4
422906,Dave,McCormick,Republican,PA,1,Sen. Dave McCormick R-PA,Senate,45,4,0.088888889
197755,Angus,King,Independent,ME,2,Sen. Angus King I-ME,Senate,45,3,0.066666667
282320,Tina,Smith,Democrat,MN,1,Sen. Tina Smith D-MN,Senate,45,2,0.044444444444444446
151822,Ron,Johnson,Republican,WI,1,Sen. Ron Johnson R-WI,Senate,46,10,0.21739130434782608
66855,Brett,Guthrie,Republican,KY,2,Rep. Brett Guthrie R-KY-2,House,46,6,0.13043478260869565
317327,John,Fetterman,Democrat,PA,2,Sen. John Fetterman D-PA,Senate,47,17,0.3617021276595745
51207,Tim,Walberg,Republican,MI,5,Rep. Tim Walberg R-MI-5,House,47,13,0.2765957446808511
259552,Catherine,Cortez Masto,Democrat,NV,2,Sen. Catherine Cortez Masto D-NV,Senate,47,4,0.085106383
51558,Mazie,Hirono,Democrat,HI,1,Sen. Mazie Hirono D-HI,Senate,47,1,0.021276596
365070,Bill,Hagerty,Republican,TN,1,Sen. Bill Hagerty R-TN,Senate,48,13,0.2708333333333333
51863,John,Barrasso,Republican,WY,2,Sen. John Barrasso R-WY,Senate,48,11,0.22916666666666666
69394,Michael,Bennet,Democrat,CO,2,Sen. Michael Bennet D-CO,Senate,48,6,0.125
232351,Maggie,Hassan,Democrat,NH,1,Sen. Maggie Hassan D-NH,Senate,48,5,0.10416666666666667
51186,Lindsey,Graham,Republican,SC,2,Sen. Lindsey Graham R-SC,Senate,49,5,0.10204081632653061
468658,Ashley,Moody,Republican,FL,1,Sen. Ashley Moody R-FL,Senate,49,4,0.081632653
221840,Dan,Sullivan,Republican,AK,1,Sen. Dan Sullivan R-AK,Senate,50,7,0.14
192907,Thom,Tillis,Republican,NC,2,Sen. Thom Tillis R-NC,Senate,50,6,0.12
175583,John,Hickenlooper,Democrat,CO,1,Sen. John Hickenlooper D-CO,Senate,50,5,0.1
369737,Raphael,Warnock,Democrat,GA,2,Sen. Raphael Warnock D-GA,Senate,51,7,0.13725490196078433
163882,Mark,Kelly,Democrat,AZ,2,Sen. Mark Kelly D-AZ,Senate,51,6,0.11764705882352941
259494,Jacky,Rosen,Democrat,NV,1,Sen. Jacky Rosen D-NV,Senate,51,4,0.078431373
51658,Chris,Van Hollen,Democrat,MD,2,Sen. Chris Van Hollen D-MD,Senate,51,4,0.078431373
51287,John,Boozman,Republican,AR,1,Sen. John Boozman R-AR,Senate,52,11,0.21153846153846154
192689,Jason,Smith,Republican,MO,8,Rep. Jason Smith R-MO-8,House,52,8,0.15384615384615385
51168,Susan,Collins,Republican,ME,1,Sen. Susan Collins R-ME,Senate,52,6,0.11538461538461539
151827,Mike,Lee,Republican,UT,1,Sen. Mike Lee R-UT,Senate,52,5,0.096153846
175490,Tim,Kaine,Democrat,VA,1,Sen. Tim Kaine D-VA,Senate,52,2,0.038461538461538464
240947,Andrew,Garbarino,Republican,NY,2,Rep. Andrew Garbarino R-NY-2,House,52,0,0
151823,Chris,Coons,Democrat,DE,1,Sen. Chris Coons D-DE,Senate,53,6,0.11320754716981132
307589,Elissa,Slotkin,Democrat,MI,1,Sen. Elissa Slotkin D-MI,Senate,53,5,0.094339623
190615,Joni,Ernst,Republican,IA,2,Sen. Joni Ernst R-IA,Senate,54,20,0.37037037037037035
51218,Lisa,Murkowski,Republican,AK,2,Sen. Lisa Murkowski R-AK,Senate,54,2,0.037037037037037035
51223,Jack,Reed,Democrat,RI,1,Sen. Jack Reed D-RI,Senate,54,1,0.018518518518518517
51260,Tammy,Baldwin,Democrat,WI,2,Sen. Tammy Baldwin D-WI,Senate,55,2,0.036363636
51608,Adam,Schiff,Democrat,CA,2,Sen. Adam Schiff D-CA,Senate,56,3,0.053571429
51216,Mitch,McConnell,Republican,KY,2,Sen. Mitch McConnell R-KY,Senate,57,12,0.21052631578947367
51675,Roger,Wicker,Republican,MS,2,Sen. Roger Wicker R-MS,Senate,57,12,0.21052631578947367
196306,Hakeem,Jeffries,Democrat,NY,8,Rep. Hakeem Jeffries D-NY-8,House,57,8,0.14035087719298245
211545,Cory,Booker,Democrat,NJ,2,Sen. Cory Booker D-NJ,Senate,57,4,0.070175439
259496,Brian,Mast,Republican,FL,21,Rep. Brian Mast R-FL-21,House,58,10,0.1724137931034483
51160,Maria,Cantwell,Democrat,WA,1,Sen. Maria Cantwell D-WA,Senate,58,7,0.1206896551724138
66832,Jim,Risch,Republican,ID,1,Sen. Jim Risch R-ID,Senate,59,14,0.23728813559322035
51535,Jerry,Moran,Republican,KS,1,Sen. Jerry Moran R-KS,Senate,59,12,0.2033898305084746
51173,Mike,Crapo,Republican,ID,2,Sen. Mike Crapo R-ID,Senate,59,9,0.15254237288135594
198766,Tom,Cotton,Republican,AR,2,Sen. Tom Cotton R-AR,Senate,59,6,0.1016949152542373
51170,John,Cornyn,Republican,TX,1,Sen. John Cornyn R-TX,Senate,60,15,0.25
51745,Jim,Jordan,Republican,OH,4,Rep. Jim Jordan R-OH-4,House,60,13,0.21666666666666667
51500,Ed,Markey,Democrat,MA,2,Sen. Ed Markey D-MA,Senate,60,7,0.11666666666666667
201768,Brian,Schatz,Democrat,HI,2,Sen. Brian Schatz D-HI,Senate,60,2,0.033333333
151828,Rand,Paul,Republican,KY,1,Sen. Rand Paul R-KY,Senate,61,17,0.2786885245901639
198768,Tammy,Duckworth,Democrat,IL,2,Sen. Tammy Duckworth D-IL,Senate,61,11,0.18032786885245902
260072,James,Comer,Republican,KY,1,Rep. James Comer R-KY-1,House,63,13,0.20634920634920634
175586,Rick,Scott,Republican,FL,2,Sen. Rick Scott R-FL,Senate,63,12,0.19047619047619047
51310,Shelley Moore,Capito,Republican,WV,2,Sen. Shelley Moore Capito R-WV,Senate,64,11,0.171875
51242,John,Thune,Republican,SD,2,Sen. John Thune R-SD,Senate,64,6,0.09375
242539,Mike,Johnson,Republican,LA,4,Rep. Mike Johnson R-LA-4,House,65,15,0.23076923076923078
51844,Sheldon,Whitehouse,Democrat,RI,2,Sen. Sheldon Whitehouse D-RI,Senate,65,13,0.2
51842,Amy,Klobuchar,Democrat,MN,2,Sen. Amy Klobuchar D-MN,Senate,66,15,0.22727272727272727
66836,Jeff,Merkley,Democrat,OR,1,Sen. Jeff Merkley D-OR,Senate,66,5,0.075757576
151800,Tim,Scott,Republican,SC,1,Sen. Tim Scott R-SC,Senate,67,21,0.31343283582089554
151824,Richard,Blumenthal,Democrat,CT,1,Sen. Richard Blumenthal D-CT,Senate,67,10,0.14925373134328357
34364,Jon,Ossoff,Democrat,GA,1,Sen. Jon Ossoff D-GA,Senate,67,5,0.074626866
51219,Patty,Murray,Democrat,WA,2,Sen. Patty Murray D-WA,Senate,68,9,0.1323529411764706
51503,Kirsten,Gillibrand,Democrat,NY,1,Sen. Kirsten Gillibrand D-NY,Senate,69,26,0.37681159420289856
51605,Bernie,Sanders,Independent,VT,2,Sen. Bernie Sanders I-VT,Senate,69,9,0.13043478260869565
66837,Mark,Warner,Democrat,VA,2,Sen. Mark Warner D-VA,Senate,69,3,0.043478260869565216
66858,Bill,Cassidy,Republican,LA,2,Sen. Bill Cassidy R-LA,Senate,70,25,0.35714285714285715
189610,Alex,Padilla,Democrat,CA,1,Sen. Alex Padilla D-CA,Senate,71,11,0.15492957746478872
140963,Elizabeth,Warren,Democrat,MA,1,Sen. Elizabeth Warren D-MA,Senate,74,21,0.28378378378378377
66834,Jeanne,Shaheen,Democrat,NH,2,Sen. Jeanne Shaheen D-NH,Senate,74,16,0.21621621621621623
51187,Chuck,Grassley,Republican,IA,1,Sen. Chuck Grassley R-IA,Senate,75,8,0.10666666666666667
66869,Martin,Heinrich,Democrat,NM,1,Sen. Martin Heinrich D-NM,Senate,77,27,0.35064935064935066
51247,Ron,Wyden,Democrat,OR,2,Sen. Ron Wyden D-OR,Senate,84,8,0.095238095
175665,Ted,Cruz,Republican,TX,2,Sen. Ted Cruz R-TX,Senate,92,22,0.2391304347826087
66862,Gary,Peters,Democrat,MI,2,Sen. Gary Peters D-MI,Senate,92,19,0.20652173913043478
51180,Dick,Durbin,Democrat,IL,1,Sen. Dick Durbin D-IL,Senate,100,11,0.11
51231,Chuck,Schumer,Democrat,NY,2,Sen. Chuck Schumer D-NY,Senate,114,6,0.052631579