person_id,Chamber,us_state_id,party_name,display_name,staff_count,total_staff_experience,average_staff_experience,chief_of_staff_experience
2968,House,OK,Republican,Rep. Josh Brecheen R-OK-2,15,152.0556929,10.13704619,7
3265,House,TX,Republican,Rep. Chip Roy R-TX-21,15,164.7854654,10.98569769,20
3787,House,NC,Republican,Rep. David Rouzer R-NC-7,20,293.4918066,14.67459033,5
5061,House,MA,Democrat,Rep. Ayanna Pressley D-MA-7,19,152.3849346,8.020259716,5
6774,Senate,AL,Republican,Sen. Katie Britt R-AL,37,41.68788012,1.126699463,5
15290,House,MA,Democrat,Rep. Lori Trahan D-MA-3,18,177.3819756,9.854554199,12
16683,House,NY,Republican,Rep. Nick Langworthy R-NY-23,18,133.350892,7.408382892,8
16857,House,CA,Republican,Rep. Young Kim R-CA-40,17,189.5883236,11.15225433,6
17888,House,CA,Republican,Rep. Vince Fong R-CA-20,15,138.6559453,9.243729685,11
22560,House,IN,Republican,Rep. Marlin Stutzman R-IN-3,15,132.0144378,8.800962521,19
23261,House,OR,Democrat,Rep. Andrea Salinas D-OR-6,17,173.6487676,10.21463339,19
24817,House,SC,Republican,Rep. William Timmons R-SC-4,13,106.1829119,8.167916297,19
25648,Senate,NJ,Democrat,Sen. Andy Kim D-NJ,42,137.2239047,3.267235827,12
26827,House,WV,Republican,Rep. Riley Moore R-WV-2,15,174.904265,11.66028434,5
26913,House,AS,Republican,Del. Amata Radewagen R-AS-1,18,110.1699915,6.120555084,16
27589,House,TX,Democrat,Rep. Marc Veasey D-TX-33,15,135.212258,9.014150533,19
32319,House,WI,Republican,Rep. Bryan Steil R-WI-1,39,224.9542026,5.768056476,20
34364,Senate,GA,Democrat,Sen. Jon Ossoff D-GA,67,134.2319584,2.003462066,16
39781,House,KY,Democrat,Rep. Morgan McGarvey D-KY-3,21,186.1591351,8.86472072,17
41337,House,CA,Democrat,Rep. Jimmy Gomez D-CA-34,14,206.7380354,14.76700253,17
43694,House,NC,Republican,Rep. Richard Hudson R-NC-9,19,220.592458,11.61012937,7
50654,House,CA,Democrat,Rep. Dave Min D-CA-47,14,154.5795494,11.04139638,6
51132,House,CA,Republican,Rep. Darrell Issa R-CA-48,18,190.5078839,10.58377133,7
51134,House,CA,Democrat,Rep. Linda Sánchez D-CA-38,17,126.6023135,7.447194913,6
51135,House,TX,Republican,Rep. Pete Sessions R-TX-17,19,175.6348539,9.243939679,16
51160,Senate,WA,Democrat,Sen. Maria Cantwell D-WA,58,93.15075595,1.606047516,9
51168,Senate,ME,Republican,Sen. Susan Collins R-ME,51,67.81585076,1.329722564,15
51170,Senate,TX,Republican,Sen. John Cornyn R-TX,59,152.426078,2.583492848,16
51173,Senate,ID,Republican,Sen. Mike Crapo R-ID,59,181.4482592,3.075394225,16
51180,Senate,IL,Democrat,Sen. Dick Durbin D-IL,100,162.0988214,1.620988214,11
51185,House,NE,Republican,Rep. Adrian Smith R-NE-3,20,199.7109027,9.985545136,9
51186,Senate,SC,Republican,Sen. Lindsey Graham R-SC,50,157.5327776,3.150655553,19
51187,Senate,IA,Republican,Sen. Chuck Grassley R-IA,73,168.0369818,2.301876463,11
51207,House,MI,Republican,Rep. Tim Walberg R-MI-5,47,207.8124836,4.421542203,12
51216,Senate,KY,Republican,Sen. Mitch McConnell R-KY,57,255.057305,4.474689562,16
51218,Senate,AK,Republican,Sen. Lisa Murkowski R-AK,54,189.08256,3.501528889,5
51219,Senate,WA,Democrat,Sen. Patty Murray D-WA,68,167.9644185,2.470064978,10
51223,Senate,RI,Democrat,Sen. Jack Reed D-RI,54,154.3525866,2.858381233,11
51230,Senate,VT,Democrat,Sen. Peter Welch D-VT,40,243.6209788,6.09052447,9
51231,Senate,NY,Democrat,Sen. Chuck Schumer D-NY,114,134.239695,1.177541184,11
51242,Senate,SD,Republican,Sen. John Thune R-SD,64,73.68979368,1.151403026,14
51247,Senate,OR,Democrat,Sen. Ron Wyden D-OR,86,254.569967,2.960115896,15
51250,House,AL,Republican,Rep. Robert Aderholt R-AL-4,27,155.3955867,5.7553921,11
51260,Senate,WI,Democrat,Sen. Tammy Baldwin D-WI,55,218.2430408,3.968055288,13
51277,House,GA,Democrat,Rep. Sanford Bishop D-GA-2,23,166.261931,7.228779608,12
51279,Senate,TN,Republican,Sen. Marsha Blackburn R-TN,45,226.2265361,5.027256357,6
51287,Senate,AR,Republican,Sen. John Boozman R-AR,52,91.78044529,1.765008563,9
51306,House,CA,Republican,Rep. Ken Calvert R-CA-41,23,221.2938541,9.621471918,6
51310,Senate,WV,Republican,Sen. Shelley Moore Capito R-WV,63,139.8716429,2.220184808,19
51316,House,TX,Republican,Rep. John Carter R-TX-31,18,161.7560906,8.986449477,9
51318,House,HI,Democrat,Rep. Ed Case D-HI-1,12,188.3149512,15.6929126,13
51324,House,MO,Democrat,Rep. Emanuel Cleaver D-MO-5,17,174.8985528,10.28815017,15
51325,House,SC,Democrat,Rep. Jim Clyburn D-SC-6,22,139.6923756,6.349653438,16
51327,House,OK,Republican,Rep. Tom Cole R-OK-4,38,242.4700181,6.380789949,20
51331,House,CA,Democrat,Rep. Jim Costa D-CA-21,17,132.2088462,7.776990953,10
51338,House,TX,Democrat,Rep. Henry Cuellar D-TX-28,16,217.5802537,13.59876585,7
51341,House,IL,Democrat,Rep. Danny Davis D-IL-7,22,217.2882142,9.876737009,7
51349,House,CO,Democrat,Rep. Diana DeGette D-CO-1,25,223.7870583,8.95148233,14
51351,House,CT,Democrat,Rep. Rosa DeLauro D-CT-3,37,233.8532611,6.320358407,14
51356,House,FL,Republican,Rep. Mario Diaz-Balart R-FL-26,24,121.8311248,5.076296868,20
51359,House,TX,Democrat,Rep. Lloyd Doggett D-TX-37,25,168.353586,6.734143439,16
51389,House,NC,Republican,Rep. Virginia Foxx R-NC-5,27,200.2294371,7.415905079,17
51407,House,MO,Republican,Rep. Sam Graves R-MO-6,35,164.0657713,4.687593466,17
51410,House,TX,Democrat,Rep. Al Green D-TX-9,17,250.3679016,14.72752362,14
51438,House,MD,Democrat,Rep. Steny Hoyer D-MD-5,24,104.1832731,4.340969714,11
51457,House,OH,Democrat,Rep. Marcy Kaptur D-OH-9,25,284.4290947,11.37716379,20
51476,House,WA,Democrat,Rep. Rick Larsen D-WA-2,25,271.5432307,10.86172923,16
51477,House,CT,Democrat,Rep. John Larson D-CT-1,20,191.6593245,9.582966223,9
51490,House,CA,Democrat,Rep. Zoe Lofgren D-CA-18,24,156.9133728,6.538057202,8
51492,House,OK,Republican,Rep. Frank Lucas R-OK-3,14,205.8880103,14.70628645,17
51493,Senate,CT,Democrat,Sen. Chris Murphy D-CT,42,229.6363242,5.467531529,19
51495,House,MA,Democrat,Rep. Stephen Lynch D-MA-8,15,199.3186609,13.28791073,16
51500,Senate,MA,Democrat,Sen. Ed Markey D-MA,60,163.6487775,2.727479625,18
51503,Senate,NY,Democrat,Sen. Kirsten Gillibrand D-NY,68,230.1385004,3.384389712,12
51504,House,CA,Democrat,Rep. Doris Matsui D-CA-7,23,66.25132114,2.880492223,17
51507,House,TX,Republican,Rep. Michael McCaul R-TX-10,14,223.4082461,15.95773187,12
51508,House,MN,Democrat,Rep. Betty McCollum D-MN-4,23,158.3105317,6.883066596,12
51512,House,MA,Democrat,Rep. Jim McGovern D-MA-2,26,197.3945135,7.592096674,13
51521,House,NY,Democrat,Rep. Gregory Meeks D-NY-5,34,188.2059838,5.535470111,17
51533,House,WI,Democrat,Rep. Gwen Moore D-WI-4,17,182.6394779,10.7434987,8
51535,Senate,KS,Republican,Sen. Jerry Moran R-KS,59,94.50914151,1.601849856,11
51541,House,NY,Democrat,Rep. Jerry Nadler D-NY-12,16,200.0633076,12.50395672,16
51543,House,MA,Democrat,Rep. Richard Neal D-MA-1,31,155.1591096,5.005132568,16
51557,House,NJ,Democrat,Rep. Frank Pallone D-NJ-6,33,185.087616,5.608715637,7
51558,Senate,HI,Democrat,Sen. Mazie Hirono D-HI,47,203.9823004,4.340048945,8
51564,House,CA,Democrat,Rep. Nancy Pelosi D-CA-11,13,162.9239441,12.53261108,9
51589,House,KY,Republican,Rep. Hal Rogers R-KY-5,22,197.6550558,8.984320716,8
51605,Senate,VT,Independent,Sen. Bernie Sanders I-VT,69,220.7961509,3.199944216,17
51607,House,IL,Democrat,Rep. Jan Schakowsky D-IL-9,18,166.4749687,9.248609372,16
51608,Senate,CA,Democrat,Sen. Adam Schiff D-CA,57,184.2172109,3.231880893,20
51612,House,GA,Democrat,Rep. David Scott D-GA-13,14,172.2663897,12.30474212,15
51613,House,VA,Democrat,Rep. Bobby Scott D-VA-3,44,96.2680428,2.187910064,14
51618,House,CA,Democrat,Rep. Brad Sherman D-CA-32,17,163.2283147,9.601665572,20
51623,House,ID,Republican,Rep. Mike Simpson R-ID-2,17,230.8376423,13.57868484,8
51626,House,WA,Democrat,Rep. Adam Smith D-WA-9,23,159.1007291,6.917423006,18
51627,House,NJ,Republican,Rep. Chris Smith R-NJ-4,19,252.2905139,13.2784481,16
51647,House,MS,Democrat,Rep. Bennie Thompson D-MS-2,34,186.8745182,5.496309359,11
51648,House,CA,Democrat,Rep. Mike Thompson D-CA-4,23,129.4186073,5.62689597,15
51654,House,OH,Republican,Rep. Mike Turner R-OH-10,14,167.4268137,11.95905812,9
51658,Senate,MD,Democrat,Sen. Chris Van Hollen D-MD,51,187.9908248,3.686094604,16
51659,House,NY,Democrat,Rep. Nydia Velázquez D-NY-7,24,215.7189794,8.988290809,16
51663,House,FL,Democrat,Rep. Debbie Wasserman Schultz D-FL-25,21,263.5794149,12.55140071,5
51664,House,CA,Democrat,Rep. Maxine Waters D-CA-43,34,192.1766422,5.652254183,10
51675,Senate,MS,Republican,Sen. Roger Wicker R-MS,57,211.8870619,3.717316876,17
51677,House,SC,Republican,Rep. Joe Wilson R-SC-2,21,89.64921065,4.269010031,20
51689,House,DC,Democrat,Del. Eleanor Holmes Norton D-DC-1,20,189.9001922,9.49500961,16
51692,House,AL,Republican,Rep. Mike Rogers R-AL-3,32,192.0508894,6.001590293,12
51745,House,OH,Republican,Rep. Jim Jordan R-OH-4,59,160.3493139,2.717784981,15
51796,House,GA,Democrat,Rep. Hank Johnson D-GA-4,19,225.5532025,11.87122118,17
51842,Senate,MN,Democrat,Sen. Amy Klobuchar D-MN,66,126.7891991,1.921048471,6
51844,Senate,RI,Democrat,Sen. Sheldon Whitehouse D-RI,65,115.1979596,1.772276301,12
51850,House,FL,Republican,Rep. Gus Bilirakis R-FL-12,23,146.0963882,6.352016876,14
51853,House,FL,Republican,Rep. Vern Buchanan R-FL-16,19,135.0767431,7.109302271,12
51854,House,FL,Democrat,Rep. Kathy Castor D-FL-14,22,185.1104098,8.414109537,20
51855,House,NY,Democrat,Rep. Yvette Clarke D-NY-9,27,134.4975255,4.981389833,12
51856,House,TN,Democrat,Rep. Steve Cohen D-TN-9,15,183.545977,12.23639847,6
51857,House,CT,Democrat,Rep. Joe Courtney D-CT-2,20,182.2912386,9.114561932,8
51863,Senate,WY,Republican,Sen. John Barrasso R-WY,46,169.9611965,3.694808619,12
51885,House,OH,Republican,Rep. Bob Latta R-OH-5,14,189.2675749,13.51911249,19
51886,House,VA,Republican,Rep. Rob Wittman R-VA-1,19,148.0892975,7.794173552,14
52758,House,IA,Republican,Rep. Zach Nunn R-IA-3,18,168.0921605,9.338453361,18
52983,Senate,IN,Republican,Sen. Todd Young R-IN,40,223.54939,5.58873475,10
54720,House,MI,Republican,Rep. Bill Huizenga R-MI-4,15,232.2035346,15.48023564,13
56036,House,MN,Republican,Rep. Brad Finstad R-MN-1,15,139.7060773,9.313738485,7
57292,House,VA,Republican,Rep. Ben Cline R-VA-6,17,182.9956918,10.76445246,14
59063,House,VI,Democrat,Del. Stacey Plaskett D-VI-1,13,187.8246706,14.44805159,14
59655,House,LA,Republican,Rep. Steve Scalise R-LA-1,34,160.6973335,4.726392162,16
59657,House,IN,Democrat,Rep. André Carson D-IN-7,16,201.4583472,12.5911467,17
65300,House,NY,Democrat,Rep. Josh Riley D-NY-19,16,250.3103151,15.64439469,18
65916,House,IL,Democrat,Rep. Bill Foster D-IL-11,16,189.810908,11.86318175,8
66832,Senate,ID,Republican,Sen. Jim Risch R-ID,59,155.7249757,2.639406368,18
66834,Senate,NH,Democrat,Sen. Jeanne Shaheen D-NH,73,161.0337201,2.205941371,11
66836,Senate,OR,Democrat,Sen. Jeff Merkley D-OR,66,56.00594796,0.848574969,16
66837,Senate,VA,Democrat,Sen. Mark Warner D-VA,69,229.9906455,3.333197761,11
66841,House,CA,Republican,Rep. Tom McClintock R-CA-5,14,237.5980393,16.97128852,15
66846,House,CT,Democrat,Rep. Jim Himes D-CT-4,31,104.9895099,3.386758385,17
66855,House,KY,Republican,Rep. Brett Guthrie R-KY-2,46,226.4019434,4.921781379,5
66858,Senate,LA,Republican,Sen. Bill Cassidy R-LA,70,171.4866175,2.449808822,6
66859,House,ME,Democrat,Rep. Chellie Pingree D-ME-1,23,180.9595288,7.867805601,14
66862,Senate,MI,Democrat,Sen. Gary Peters D-MI,90,269.4607408,2.994008231,12
66866,House,NV,Democrat,Rep. Dina Titus D-NV-1,13,253.6732595,19.51332766,9
66869,Senate,NM,Democrat,Sen. Martin Heinrich D-NM,78,197.0024262,2.525672131,17
66871,Senate,NM,Democrat,Sen. Ben Ray Luján D-NM,44,191.2305922,4.346149823,12
66873,House,NY,Democrat,Rep. Paul Tonko D-NY-20,25,142.3371719,5.693486874,10
66884,House,PA,Republican,Rep. G.T. Thompson R-PA-15,39,214.6966665,5.505042731,11
66891,Senate,WY,Republican,Sen. Cynthia Lummis R-WY,31,97.86576754,3.156960243,10
69394,Senate,CO,Democrat,Sen. Michael Bennet D-CO,48,144.9352931,3.019485273,16
75165,House,IL,Democrat,Rep. Mike Quigley D-IL-5,20,191.1184248,9.555921238,10
80129,House,VA,Democrat,Rep. Suhas Subramanyam D-VA-10,17,182.0397822,10.70822249,9
80750,House,CA,Democrat,Rep. Judy Chu D-CA-28,15,210.8532252,14.05688168,5
81211,House,NY,Republican,Rep. Nick LaLota R-NY-1,15,113.2808294,7.552055293,14
86201,House,CO,Republican,Rep. Jeff Crank R-CO-5,12,84.79374249,7.066145208,11
107102,House,IL,Democrat,Rep. Sean Casten D-IL-6,18,166.4638956,9.247994202,5
125942,House,CA,Democrat,Rep. John Garamendi D-CA-8,20,201.2993103,10.06496552,16
127669,House,LA,Democrat,Rep. Cleo Fields D-LA-6,18,181.288118,10.07156211,19
128188,House,MD,Democrat,Rep. Kweisi Mfume D-MD-7,14,144.5558702,10.3254193,15
129734,House,NH,Democrat,Rep. Maggie Goodlander D-NH-2,14,159.5804083,11.39860059,13
134505,House,MD,Democrat,Rep. Glenn Ivey D-MD-4,20,201.2123734,10.06061867,6
140963,Senate,MA,Democrat,Sen. Elizabeth Warren D-MA,71,211.0522689,2.972567167,9
148088,House,AR,Republican,Rep. Rick Crawford R-AR-1,27,205.6031792,7.614932562,13
151731,House,AL,Democrat,Rep. Terri Sewell D-AL-7,17,263.41637,15.49508059,16
151733,House,AZ,Republican,Rep. Paul Gosar R-AZ-9,15,180.2516386,12.0167759,19
151736,House,AZ,Republican,Rep. David Schweikert R-AZ-1,28,176.3345648,6.297663027,13
151739,House,AR,Republican,Rep. Steve Womack R-AR-3,22,186.2825077,8.467386715,7
151747,House,FL,Republican,Rep. Daniel Webster R-FL-11,15,218.6504336,14.57669557,9
151749,House,FL,Democrat,Rep. Frederica Wilson D-FL-24,18,172.5259056,9.584772531,9
151753,House,GA,Republican,Rep. Austin Scott R-GA-8,20,252.8082482,12.64041241,13
151768,House,MD,Republican,Rep. Andy Harris R-MD-1,24,180.0796761,7.503319838,8
151793,Senate,OK,Republican,Sen. James Lankford R-OK,41,267.6568812,6.528216615,19
151794,House,PA,Republican,Rep. Mike Kelly R-PA-16,16,227.6387894,14.22742434,19
151800,Senate,SC,Republican,Sen. Tim Scott R-SC,65,171.0182889,2.631050598,18
151805,House,TN,Republican,Rep. Chuck Fleischmann R-TN-3,21,54.99265642,2.618697925,11
151806,House,TN,Republican,Rep. Scott DesJarlais R-TN-4,17,233.4493591,13.73231524,20
151813,House,VA,Republican,Rep. Morgan Griffith R-VA-9,22,174.6952726,7.940694211,18
151822,Senate,WI,Republican,Sen. Ron Johnson R-WI,44,134.5888163,3.058836734,12
151823,Senate,DE,Democrat,Sen. Chris Coons D-DE,53,193.8316421,3.657200795,7
151824,Senate,CT,Democrat,Sen. Richard Blumenthal D-CT,65,124.4085094,1.913977068,7
151827,Senate,UT,Republican,Sen. Mike Lee R-UT,52,144.3938602,2.776805004,7
151828,Senate,KY,Republican,Sen. Rand Paul R-KY,61,116.6422768,1.912168472,20
151837,Senate,ND,Republican,Sen. John Hoeven R-ND,34,77.28685177,2.273142699,9
152934,House,MI,Democrat,Rep. Debbie Dingell D-MI-6,18,311.2906124,17.29392291,8
158349,House,MA,Democrat,Rep. Bill Keating D-MA-9,17,144.6051837,8.506187275,13
159021,House,CA,Republican,Rep. David Valadao R-CA-22,19,125.8944756,6.626025034,5
163882,Senate,AZ,Democrat,Sen. Mark Kelly D-AZ,47,190.3111384,4.049173158,6
167171,House,ND,Republican,Rep. Julie Fedorchak R-ND,12,126.4791616,10.53993013,12
173107,House,IN,Republican,Rep. Erin Houchin R-IN-9,15,148.825875,9.921724999,11
175490,Senate,VA,Democrat,Sen. Tim Kaine D-VA,52,187.8212331,3.61194679,20
175583,Senate,CO,Democrat,Sen. John Hickenlooper D-CO,50,227.3605292,4.547210585,16
175586,Senate,FL,Republican,Sen. Rick Scott R-FL,62,155.8951313,2.514437602,8
175665,Senate,TX,Republican,Sen. Ted Cruz R-TX,92,165.7781838,1.80193678,19
177013,House,NV,Republican,Rep. Mark Amodei R-NV-2,18,172.5324698,9.585137214,10
179757,House,ME,Democrat,Rep. Jared Golden D-ME-2,19,250.5520802,13.18695159,14
182891,House,OR,Democrat,Rep. Suzanne Bonamici D-OR-1,17,134.7888476,7.928755741,8
189075,House,AR,Republican,Rep. Bruce Westerman R-AR-4,25,133.1015831,5.324063325,19
189136,Senate,AZ,Democrat,Sen. Ruben Gallego D-AZ,41,207.0463213,5.049910276,7
189182,House,AZ,Republican,Rep. Andy Biggs R-AZ-5,14,168.8677645,12.06198318,18
189511,House,CA,Democrat,Rep. Julia Brownley D-CA-26,19,137.6219494,7.243260495,7
189546,House,CA,Democrat,Rep. Jared Huffman D-CA-2,30,137.0806646,4.569355486,8
189574,House,CA,Democrat,Rep. Norma Torres D-CA-35,18,44.92061457,2.495589698,11
189588,House,CA,Democrat,Rep. Lou Correa D-CA-46,16,100.3311868,6.270699174,9
189590,House,CA,Democrat,Rep. Mark DeSaulnier D-CA-10,16,225.416716,14.08854475,12
189602,House,CA,Republican,Rep. Doug LaMalfa R-CA-1,22,156.0541725,7.093371477,6
189606,House,CA,Democrat,Rep. Ted Lieu D-CA-36,21,188.2627625,8.96489345,7
189610,Senate,CA,Democrat,Sen. Alex Padilla D-CA,72,154.1445152,2.140896045,8
189620,House,CA,Democrat,Rep. Juan Vargas D-CA-52,16,208.3938932,13.02461833,20
189728,House,FL,Republican,Rep. Mike Haridopolos R-FL-8,14,210.4577221,15.03269444,18
189803,House,FL,Republican,Rep. Jimmy Patronis R-FL-1,9,265.2187463,29.46874959,20
189828,House,FL,Democrat,Rep. Darren Soto D-FL-9,19,158.3231214,8.332795863,18
189831,House,FL,Republican,Rep. Greg Steube R-FL-17,14,224.5056521,16.036118,16
190067,House,GA,Republican,Rep. Buddy Carter R-GA-1,16,105.0869756,6.567935972,15
190094,House,GA,Republican,Rep. Barry Loudermilk R-GA-11,17,186.7352632,10.98442725,7
190192,House,AL,Republican,Rep. Barry Moore R-AL-1,14,198.3949149,14.17106535,19
190296,House,HI,Democrat,Rep. Jill Tokuda D-HI-2,19,258.6518685,13.61325624,10
190391,House,IN,Republican,Rep. Jim Baird R-IN-4,16,188.9391979,11.80869987,14
190428,House,IN,Republican,Rep. Mark Messmer R-IN-8,14,40.68119562,2.905799687,13
190465,Senate,IN,Republican,Sen. Jim Banks R-IN,36,209.4630672,5.818418533,18
190615,Senate,IA,Republican,Sen. Joni Ernst R-IA,53,179.214738,3.38141015,6
190616,House,IA,Republican,Rep. Randy Feenstra R-IA-4,13,211.9560285,16.30430988,13
190655,House,IL,Republican,Rep. Mike Bost R-IL-12,26,103.001102,3.961580848,12
190794,House,IL,Republican,Rep. Darin LaHood R-IL-16,21,128.6115013,6.124357204,5
191010,House,ID,Republican,Rep. Russ Fulcher R-ID-1,16,171.0225325,10.68890828,11
191669,House,MA,Democrat,Rep. Katherine Clark D-MA-5,34,216.0528134,6.354494513,7
191891,House,MD,Democrat,Rep. Johnny Olszewski D-MD-2,14,170.1742004,12.15530003,15
192069,House,MD,Democrat,Rep. Jamie Raskin D-MD-8,37,206.8323196,5.590062691,15
192181,House,MI,Democrat,Rep. Rashida Tlaib D-MI-12,15,217.5259764,14.50173176,11
192213,House,MI,Republican,Rep. John Moolenaar R-MI-2,39,217.1984068,5.569189918,20
192276,House,MT,Republican,Rep. Ryan Zinke R-MT,12,192.752205,16.06268375,7
192565,House,MO,Republican,Rep. Eric Burlison R-MO-7,16,188.0521008,11.7532563,20
192689,House,MO,Republican,Rep. Jason Smith R-MO-8,52,207.874439,3.997585366,8
192743,Senate,MO,Republican,Sen. Eric Schmitt R-MO,43,185.5689159,4.315556183,20
192800,House,NC,Democrat,Rep. Alma Adams D-NC-12,18,287.6837008,15.98242782,10
192884,House,NC,Republican,Rep. Tim Moore R-NC-14,15,181.998381,12.1332254,11
192894,House,NC,Democrat,Rep. Deborah Ross D-NC-2,21,146.8791247,6.994244033,16
192907,Senate,NC,Republican,Sen. Thom Tillis R-NC,49,103.0769932,2.103612106,18
193043,House,NY,Democrat,Rep. Adriano Espaillat D-NY-13,23,217.8960943,9.473743231,20
193056,House,NY,Democrat,Rep. Tim Kennedy D-NY-26,15,204.6930163,13.64620109,7
193559,House,NV,Democrat,Rep. Steven Horsford D-NV-4,22,262.1847204,11.91748729,5
193813,House,OH,Republican,Rep. Troy Balderson R-OH-12,17,162.7424922,9.573087777,10
194024,House,OR,Republican,Rep. Cliff Bentz R-OR-2,14,158.1519484,11.29656774,5
194048,House,OR,Democrat,Rep. Val Hoyle D-OR-4,20,150.4250034,7.521250169,16
194115,House,PA,Democrat,Rep. Madeleine Dean D-PA-4,17,187.5077192,11.02986584,16
194129,House,PA,Democrat,Rep. Dwight Evans D-PA-3,16,116.0719325,7.25449578,10
194184,House,PA,Republican,Rep. Ryan Mackenzie R-PA-7,18,121.6248852,6.756938067,13
194221,House,PA,Republican,Rep. Scott Perry R-PA-10,14,245.2790066,17.51992905,17
194287,House,PA,Republican,Rep. Lloyd Smucker R-PA-11,14,222.1910275,15.87078768,17
194760,House,TX,Republican,Rep. Lance Gooden R-TX-5,11,191.3226462,17.39296784,13
194785,House,TX,Republican,Rep. Randy Weber R-TX-14,16,248.7420809,15.54638006,9
194881,House,TX,Democrat,Rep. Joaquin Castro D-TX-20,18,138.5064927,7.694805151,20
195099,House,VA,Democrat,Rep. Jennifer McClellan D-VA-4,16,227.793348,14.23708425,7
195239,House,WV,Republican,Rep. Carol Miller R-WV-1,14,167.2940256,11.94957326,19
195413,House,WA,Republican,Rep. Michael Baumgartner R-WA-5,15,137.5716399,9.171442661,8
195469,House,WI,Republican,Rep. Scott Fitzgerald R-WI-5,16,183.6453301,11.47783313,20
195470,House,WI,Republican,Rep. Glenn Grothman R-WI-6,13,254.5433812,19.58026009,5
195556,House,WI,Democrat,Rep. Mark Pocan D-WI-2,16,178.4376881,11.15235551,9
195579,House,WI,Republican,Rep. Tom Tiffany R-WI-7,19,204.2584541,10.75044495,9
195970,House,SC,Republican,Rep. Ralph Norman R-SC-5,16,197.6341524,12.35213453,18
196030,House,NE,Republican,Rep. Mike Flood R-NE-1,17,219.2021798,12.89424587,19
196054,Senate,NE,Republican,Sen. Deb Fischer R-NE,37,214.9702799,5.810007564,6
196208,House,MN,Republican,Rep. Michelle Fischbach R-MN-7,14,208.9628586,14.92591847,5
196272,House,NY,Democrat,Rep. Grace Meng D-NY-6,23,130.0251229,5.653266212,17
196306,House,NY,Democrat,Rep. Hakeem Jeffries D-NY-8,57,170.6026152,2.993028337,18
196334,House,NY,Democrat,Rep. George Latimer D-NY-16,15,169.7648235,11.3176549,5
196354,House,NY,Democrat,Rep. Joe Morelle D-NY-25,37,122.8877564,3.321290713,19
196377,House,NY,Republican,Rep. Nicole Malliotakis R-NY-11,17,210.3313211,12.37243065,13
196391,House,NY,Republican,Rep. Claudia Tenney R-NY-24,14,144.8995589,10.34996849,19
196429,House,NJ,Republican,Rep. Tom Kean R-NJ-7,17,226.7566707,13.33862769,19
196433,House,NJ,Democrat,Rep. Donald Norcross D-NJ-1,20,145.6989003,7.284945017,6
196439,House,NJ,Democrat,Rep. Nellie Pou D-NJ-9,13,109.0503301,8.388486932,18
196450,House,NJ,Republican,Rep. Jeff Van Drew R-NJ-2,19,151.6785412,7.983081115,12
196471,House,NJ,Democrat,Rep. Herb Conaway D-NJ-3,14,147.3082487,10.52201777,20
196528,House,NJ,Democrat,Rep. Bonnie Watson Coleman D-NJ-12,20,177.451214,8.872560702,16
197755,Senate,ME,Independent,Sen. Angus King I-ME,45,187.6316217,4.169591593,11
198762,House,FL,Democrat,Rep. Lois Frankel D-FL-22,16,158.9216654,9.932604089,19
198766,Senate,AR,Republican,Sen. Tom Cotton R-AR,59,80.38306682,1.362424861,5
198768,Senate,IL,Democrat,Sen. Tammy Duckworth D-IL,61,187.1672411,3.068315429,12
198769,House,IL,Democrat,Rep. Brad Schneider D-IL-10,24,182.053983,7.585582625,11
198778,House,TX,Republican,Rep. Roger Williams R-TX-25,28,150.5949917,5.378392562,12
198788,House,KY,Republican,Rep. Andy Barr R-KY-6,18,210.0614581,11.670081,14
198807,House,MO,Republican,Rep. Ann Wagner R-MO-2,18,252.237943,14.01321906,8
198810,Senate,MT,Republican,Sen. Steve Daines R-MT,38,197.2956446,5.191990648,13
198811,House,WA,Democrat,Rep. Suzan DelBene D-WA-1,16,229.2583241,14.32864526,12
198816,Senate,ND,Republican,Sen. Kevin Cramer R-ND,40,240.6154645,6.015386611,12
198817,Senate,OK,Republican,Sen. Markwayne Mullin R-OK,34,240.8217893,7.082993802,11
198819,House,OH,Republican,Rep. Dave Joyce R-OH-14,19,199.6006816,10.50529903,15
198820,House,OH,Democrat,Rep. Joyce Beatty D-OH-3,15,116.6731254,7.778208358,9
198825,House,CA,Democrat,Rep. Eric Swalwell D-CA-14,20,191.7464683,9.587323416,11
198829,House,CA,Democrat,Rep. Mark Takano D-CA-39,22,174.5170132,7.932591508,18
198832,House,CA,Democrat,Rep. Raul Ruiz D-CA-25,15,101.4409809,6.762732062,13
198835,House,KY,Republican,Rep. Thomas Massie R-KY-4,14,159.1607136,11.3686224,9
198877,House,MD,Democrat,Rep. April McClain Delaney D-MD-6,14,93.20385428,6.657418163,20
198960,House,FL,Republican,Rep. Kat Cammack R-FL-3,18,94.60359647,5.25575536,6
199004,House,CA,Democrat,Rep. Ami Bera D-CA-6,19,114.0633969,6.003336677,19
199009,House,CA,Democrat,Rep. Scott Peters D-CA-50,16,166.5879279,10.41174549,6
201768,Senate,HI,Democrat,Sen. Brian Schatz D-HI,60,181.7602781,3.029337968,9
204795,House,IL,Democrat,Rep. Robin Kelly D-IL-2,19,288.740712,15.19687958,11
210451,House,NM,Democrat,Rep. Melanie Stansbury D-NM-1,19,153.4676467,8.077244562,15
211545,Senate,NJ,Democrat,Sen. Cory Booker D-NJ,58,186.0586777,3.207908236,20
218327,House,CA,Democrat,Rep. Ro Khanna D-CA-17,18,164.6158126,9.14532292,5
219431,House,NM,Democrat,Rep. Gabe Vasquez D-NM-2,14,218.7632075,15.62594339,8
221840,Senate,AK,Republican,Sen. Dan Sullivan R-AK,49,252.3869651,5.150754389,20
221844,Senate,SD,Republican,Sen. Mike Rounds R-SD,32,258.1495886,8.067174643,13
226960,House,CA,Democrat,Rep. Pete Aguilar D-CA-33,31,212.6350266,6.859194406,19
227109,House,NE,Republican,Rep. Don Bacon R-NE-2,21,182.5698144,8.693800683,15
227127,House,MA,Democrat,Rep. Seth Moulton D-MA-6,22,149.6010319,6.800046903,17
227391,House,PA,Democrat,Rep. Brendan Boyle D-PA-2,29,193.0711176,6.657624745,6
227421,House,VA,Democrat,Rep. Don Beyer D-VA-8,18,108.2879738,6.015998543,14
227472,House,AR,Republican,Rep. French Hill R-AR-2,42,165.3569638,3.937070566,9
227481,House,NY,Republican,Rep. Elise Stefanik R-NY-21,17,144.4926202,8.499565892,15
227499,House,AL,Republican,Rep. Gary Palmer R-AL-6,17,122.1884151,7.18755383,16
227527,House,TX,Republican,Rep. Brian Babin R-TX-36,29,194.6434686,6.711843745,18
227580,House,MN,Republican,Rep. Tom Emmer R-MN-6,32,229.2584978,7.164328056,18
227641,House,GA,Republican,Rep. Rick Allen R-GA-12,18,206.601297,11.47784983,16
227706,House,WA,Republican,Rep. Dan Newhouse R-WA-4,14,243.0493224,17.36066589,13
230851,Senate,NE,Republican,Sen. Pete Ricketts R-NE,34,201.679558,5.931751705,8
232351,Senate,NH,Democrat,Sen. Maggie Hassan D-NH,47,170.3593434,3.62466688,13
234711,House,MS,Republican,Rep. Trent Kelly R-MS-1,22,142.8409614,6.492770971,13
239019,House,VT,Democrat,Rep. Becca Balint D-VT,17,153.6261036,9.036829622,20
239242,House,WA,Democrat,Rep. Pramila Jayapal D-WA-7,24,185.2056703,7.71690293,10
239406,House,CA,Republican,Rep. Jay Obernolte R-CA-23,17,201.8065409,11.87097299,18
239412,House,MO,Republican,Rep. Bob Onder R-MO-3,13,200.755455,15.44272731,17
239872,House,CA,Democrat,Rep. Adam Gray D-CA-13,13,144.6339861,11.12569124,9
240035,House,FL,Democrat,Rep. Jared Moskowitz D-FL-23,18,225.8960738,12.54978188,6
240045,House,FL,Republican,Rep. Aaron Bean R-FL-4,14,160.5601879,11.46858485,13
240947,House,NY,Republican,Rep. Andrew Garbarino R-NY-2,22,180.2753749,8.194335222,13
241000,House,NC,Democrat,Rep. Valerie Foushee D-NC-4,20,139.5894317,6.979471584,16
241090,House,OK,Republican,Rep. Stephanie Bice R-OK-5,18,145.6886933,8.093816296,12
241364,House,TX,Republican,Rep. Craig Goldman R-TX-12,11,196.6281743,17.87528857,8
241372,House,TX,Republican,Rep. Pat Fallon R-TX-4,18,121.2303664,6.735020354,9
242346,House,CA,Democrat,Rep. Kevin Mullin D-CA-15,15,163.5796161,10.90530774,18
242375,House,CO,Democrat,Rep. Brittany Pettersen D-CO-7,15,166.9488729,11.12992486,5
242539,House,LA,Republican,Rep. Mike Johnson R-LA-4,65,169.8779619,2.613507107,13
242608,House,MI,Republican,Rep. Tom Barrett R-MI-7,15,237.1603698,15.81069132,8
242806,House,NC,Democrat,Rep. Don Davis D-NC-1,16,210.0776136,13.12985085,14
242980,House,TX,Democrat,Rep. Sylvia Garcia D-TX-29,16,131.3698922,8.210618264,5
242992,House,UT,Republican,Rep. Mike Kennedy R-UT-3,12,227.0121107,18.91767589,19
243182,House,OH,Democrat,Rep. Emilia Sykes D-OH-13,19,145.957678,7.681983052,6
250861,House,NC,Republican,Rep. Greg Murphy R-NC-3,16,212.9498902,13.30936814,13
250883,House,PA,Republican,Rep. Guy Reschenthaler R-PA-14,16,99.92603706,6.245377316,12
250906,House,SC,Republican,Rep. Russell Fry R-SC-7,14,160.9971187,11.4997942,13
251521,House,LA,Democrat,Rep. Troy Carter D-LA-2,17,133.6205216,7.860030681,11
253419,House,OH,Republican,Rep. Warren Davidson R-OH-8,15,234.9148446,15.66098964,17
254452,House,PA,Republican,Rep. Brian Fitzpatrick R-PA-1,22,138.5898278,6.299537627,12
254656,House,IL,Democrat,Rep. Raja Krishnamoorthi D-IL-8,31,282.5274093,9.113787398,16
258012,House,NC,Republican,Rep. Chuck Edwards R-NC-11,12,220.3881517,18.3656793,14
259485,House,CA,Democrat,Rep. Salud Carbajal D-CA-24,21,138.7887803,6.608989538,18
259488,House,MN,Democrat,Rep. Angie Craig D-MN-2,32,228.2271158,7.132097369,12
259491,House,NY,Democrat,Rep. Tom Suozzi D-NY-3,18,213.8747634,11.8819313,17
259494,Senate,NV,Democrat,Sen. Jacky Rosen D-NV,51,259.665887,5.091487981,16
259496,House,FL,Republican,Rep. Brian Mast R-FL-21,58,263.2000033,4.537931091,18
259504,House,MI,Republican,Rep. Jack Bergman R-MI-1,24,90.36068421,3.765028509,6
259506,House,FL,Republican,Rep. Neal Dunn R-FL-2,13,204.8959688,15.76122837,16
259527,House,TX,Democrat,Rep. Vicente Gonzalez D-TX-34,15,220.7450671,14.71633781,18
259537,House,FL,Republican,Rep. John Rutherford R-FL-5,13,141.2895612,10.86842778,8
259544,Senate,KS,Republican,Sen. Roger Marshall R-KS,33,166.5171854,5.045975314,7
259547,Senate,NC,Republican,Sen. Ted Budd R-NC,41,243.4555748,5.937940849,15
259548,House,TN,Republican,Rep. David Kustoff R-TN-8,13,114.7268858,8.825145059,7
259549,House,TX,Republican,Rep. Jodey Arrington R-TX-19,38,222.7694682,5.862354426,19
259552,Senate,NV,Democrat,Sen. Catherine Cortez Masto D-NV,47,78.2035172,1.663904621,5
259997,House,CA,Democrat,Rep. Jimmy Panetta D-CA-19,18,236.5046563,13.13914757,14
260060,Senate,DE,Democrat,Sen. Lisa Blunt Rochester D-DE,39,188.5554386,4.834754835,18
260072,House,KY,Republican,Rep. James Comer R-KY-1,63,192.4240152,3.054349448,17
260075,Senate,LA,Republican,Sen. John Neely Kennedy R-LA,42,252.079519,6.001893309,20
260077,House,NJ,Democrat,Rep. Josh Gottheimer D-NJ-5,20,206.8025197,10.34012599,10
260128,House,CA,Democrat,Rep. Nanette Barragán D-CA-44,14,157.5538988,11.25384991,17
260129,House,LA,Republican,Rep. Clay Higgins R-LA-3,16,174.6240215,10.91400134,12
260192,House,FL,Republican,Rep. Randy Fine R-FL-6,11,267.186997,24.289727,19
260201,House,FL,Republican,Rep. Byron Donalds R-FL-19,11,223.8121206,20.34655642,8
260357,House,NC,Republican,Rep. Addison McDowell R-NC-6,14,176.9006465,12.63576046,16
260571,House,CA,Republican,Rep. Kevin Kiley R-CA-3,11,182.7600149,16.61454681,15
260580,House,CA,Democrat,Rep. Laura Friedman D-CA-30,16,232.0199108,14.50124443,9
260811,House,MN,Democrat,Rep. Ilhan Omar D-MN-5,17,162.452129,9.556007587,13
263761,House,IA,Republican,Rep. Ashley Hinson R-IA-2,12,153.2911535,12.77426279,7
263841,House,OR,Democrat,Rep. Janelle Bynum D-OR-5,15,203.6769332,13.57846221,9
266792,House,KS,Republican,Rep. Ron Estes R-KS-4,16,198.2752875,12.39220547,16
266966,Senate,WV,Republican,Sen. Jim Justice R-WV,30,179.0465648,5.968218827,15
272066,House,AL,Democrat,Rep. Shomari Figures D-AL-2,17,93.07580531,5.475047371,12
276057,House,TX,Republican,Rep. Dan Crenshaw R-TX-2,17,166.3992329,9.788190168,20
276525,House,IN,Republican,Rep. Victoria Spartz R-IN-5,10,183.7993771,18.37993771,7
278770,Senate,UT,Republican,Sen. John Curtis R-UT,30,188.3868556,6.279561854,18
278925,House,VA,Republican,Rep. John McGuire R-VA-5,13,224.2897587,17.25305836,18
282216,House,GA,Democrat,Rep. Nikema Williams D-GA-5,17,182.4770205,10.73394238,18
282320,Senate,MN,Democrat,Sen. Tina Smith D-MN,45,170.6978926,3.793286502,19
282851,House,SC,Republican,Rep. Nancy Mace R-SC-1,18,247.7996768,13.76664871,20
286518,Senate,MS,Republican,Sen. Cindy Hyde-Smith R-MS,36,182.6421734,5.073393706,7
286813,House,CA,Democrat,Rep. Sydney Kamlager D-CA-37,15,158.3858884,10.55905923,14
300526,House,CA,Democrat,Rep. Luz Rivas D-CA-29,11,154.3636188,14.03305625,6
300715,House,TX,Republican,Rep. Michael Cloud R-TX-27,17,235.6303281,13.86060754,13
304452,House,NY,Democrat,Rep. Alexandria Ocasio-Cortez D-NY-14,18,109.3484977,6.074916538,13
304453,House,PA,Democrat,Rep. Mary Gay Scanlon D-PA-5,21,143.9848767,6.856422702,19
304454,House,AZ,Democrat,Rep. Greg Stanton D-AZ-4,19,102.6917962,5.40483138,6
304455,House,CO,Democrat,Rep. Joe Neguse D-CO-2,23,26.39058494,1.147416737,11
304456,House,CT,Democrat,Rep. Jahana Hayes D-CT-5,19,206.1532111,10.85016901,7
304652,House,IL,Democrat,Rep. Chuy García D-IL-4,18,142.1616287,7.897868263,5
304660,House,TX,Democrat,Rep. Veronica Escobar D-TX-16,17,145.0334521,8.531379534,9
306829,House,TN,Republican,Rep. John Rose R-TN-6,15,116.591185,7.772745664,20
306837,House,TN,Republican,Rep. Tim Burchett R-TN-2,12,140.7433451,11.7286121,19
306838,House,SD,Republican,Rep. Dusty Johnson R-SD,18,180.8196268,10.04553482,10
306847,House,MS,Republican,Rep. Michael Guest R-MS-3,17,186.3796297,10.96350763,15
306850,House,OK,Republican,Rep. Kevin Hern R-OK-1,20,106.9469015,5.347345076,8
306851,House,PA,Republican,Rep. John Joyce R-PA-13,15,206.6735485,13.77823657,9
306852,House,PA,Republican,Rep. Dan Meuser R-PA-9,15,187.0584171,12.47056114,12
306855,House,NH,Democrat,Rep. Chris Pappas D-NH-1,21,222.1775757,10.57988456,20
306860,House,PA,Democrat,Rep. Chrissy Houlahan D-PA-6,23,174.5556618,7.589376599,18
306877,House,GA,Democrat,Rep. Lucy McBath D-GA-6,15,189.0646189,12.60430793,15
307305,House,IL,Democrat,Rep. Lauren Underwood D-IL-14,23,177.5183225,7.718187935,14
307328,House,CO,Democrat,Rep. Jason Crow D-CO-6,20,179.5970228,8.979851142,6
307336,House,CA,Democrat,Rep. Mike Levin D-CA-49,19,189.6637364,9.982301917,14
307338,House,NJ,Democrat,Rep. Mikie Sherrill D-NJ-11,21,77.30705162,3.681288173,17
307341,House,NV,Democrat,Rep. Susie Lee D-NV-3,16,138.3139386,8.644621163,5
307520,House,KS,Republican,Rep. Tracey Mann R-KS-1,14,259.0134718,18.50096227,18
307571,House,CA,Democrat,Rep. Josh Harder D-CA-9,17,158.8483377,9.344019866,5
307586,House,KS,Democrat,Rep. Sharice Davids D-KS-3,19,158.7729362,8.356470327,18
307589,Senate,MI,Democrat,Sen. Elissa Slotkin D-MI,53,148.8322741,2.808156115,8
307598,House,TX,Democrat,Rep. Lizzie Fletcher D-TX-7,18,117.7312578,6.540625435,20
307601,House,CA,Democrat,Rep. Gil Cisneros D-CA-31,16,232.6007573,14.53754733,7
307604,House,FL,Republican,Rep. María Salazar R-FL-27,17,128.3598825,7.550581321,12
307607,House,MI,Democrat,Rep. Haley Stevens D-MI-11,21,170.3286564,8.110888401,11
307622,House,MN,Republican,Rep. Pete Stauber R-MN-8,20,215.333706,10.7666853,12
307624,House,NC,Republican,Rep. Mark Harris R-NC-8,14,219.4415579,15.67439699,17
307627,House,WA,Democrat,Rep. Kim Schrier D-WA-8,19,122.3727305,6.440670028,11
307631,Senate,MO,Republican,Sen. Josh Hawley R-MO,41,201.2101614,4.907564911,8
307927,Senate,OH,Republican,Sen. Jon Husted R-OH,30,132.2856698,4.409522326,7
308116,House,MI,Republican,Rep. John James R-MI-10,16,143.1804965,8.948781034,16
308492,House,PA,Democrat,Rep. Summer Lee D-PA-12,17,355.2041965,20.8943645,19
309820,House,OH,Republican,Rep. Michael Rulli R-OH-6,15,158.2215008,10.54810005,17
312750,House,IL,Democrat,Rep. Delia Ramirez D-IL-3,19,123.5905287,6.504764667,10
312790,House,MD,Democrat,Rep. Sarah Elfreth D-MD-3,13,252.2671367,19.40516436,5
313013,House,TX,Democrat,Rep. Julie Johnson D-TX-32,14,227.8316292,16.2736878,11
313246,House,IA,Republican,Rep. Mariannette Miller-Meeks R-IA-1,14,102.7539762,7.339569726,14
313415,House,MN,Democrat,Rep. Kelly Morrison D-MN-3,17,157.8313201,9.284195298,19
313522,House,MT,Republican,Rep. Troy Downing R-MT,16,129.5630529,8.097690808,17
314122,House,FL,Democrat,Rep. Sheila Cherfilus-McCormick D-FL-20,17,149.8470799,8.81453411,7
314175,House,GA,Republican,Rep. Mike Collins R-GA-10,17,114.0927543,6.71133849,7
314425,House,TX,Republican,Rep. Jake Ellzey R-TX-6,16,99.58640764,6.224150477,11
316800,House,WA,Democrat,Rep. Emily Randall D-WA-6,15,152.8199507,10.18799671,8
317327,Senate,PA,Democrat,Sen. John Fetterman D-PA,48,64.78421284,1.349671101,16
320509,House,NY,Democrat,Rep. Dan Goldman D-NY-10,18,239.0698271,13.28165706,8
321259,House,UT,Republican,Rep. Celeste Maloy R-UT-2,15,143.5693356,9.571289042,16
324209,House,TX,Republican,Rep. Wesley Hunt R-TX-38,13,103.9381637,7.995243364,10
330602,House,NM,Democrat,Rep. Teresa Leger Fernandez D-NM-3,28,167.7880164,5.992429156,9
332030,House,GA,Republican,Rep. Rich McCormick R-GA-7,18,229.0697028,12.7260946,12
336348,House,MI,Democrat,Rep. Hillary Scholten D-MI-3,15,112.5572061,7.503813739,14
337881,House,GA,Republican,Rep. Marjorie Taylor Greene R-GA-14,15,293.6785232,19.57856821,5
338556,House,TX,Republican,Rep. Tony Gonzales R-TX-23,17,154.2976724,9.076333671,12
342886,House,TX,Republican,Rep. Beth Van Duyne R-TX-24,14,134.6365302,9.616895015,7
347939,House,MA,Democrat,Rep. Jake Auchincloss D-MA-4,14,172.2944214,12.30674439,9
348387,House,VA,Republican,Rep. Jen Kiggans R-VA-2,19,123.7952128,6.515537516,5
355320,House,TX,Republican,Rep. August Pfluger R-TX-11,27,157.2732357,5.824934655,19
356414,House,UT,Republican,Rep. Burgess Owens R-UT-4,12,240.132893,20.01107441,16
356900,House,CO,Republican,Rep. Lauren Boebert R-CO-4,11,187.5714269,17.0519479,18
356913,House,TX,Republican,Rep. Ronny Jackson R-TX-13,21,112.4042078,5.352581324,11
361717,House,TX,Republican,Rep. Troy Nehls R-TX-22,18,177.5951806,9.866398924,18
362156,House,NY,Democrat,Rep. Ritchie Torres D-NY-15,17,178.0121741,10.47130436,17
364726,House,MI,Republican,Rep. Lisa McClain R-MI-9,25,166.6448841,6.665795363,14
364729,House,FL,Republican,Rep. Anna Luna R-FL-13,12,180.7234998,15.06029165,7
365070,Senate,TN,Republican,Sen. Bill Hagerty R-TN,48,190.3535827,3.96569964,11
366519,House,FL,Republican,Rep. Scott Franklin R-FL-18,18,104.7423288,5.819018264,12
367391,House,TX,Republican,Rep. Monica De La Cruz R-TX-15,18,164.9641461,9.164674782,16
369609,House,GA,Republican,Rep. Andrew Clyde R-GA-9,15,194.8752287,12.99168191,17
369725,House,IL,Republican,Rep. Mary Miller R-IL-15,13,181.1136146,13.93181651,9
369735,House,CA,Democrat,Rep. Sara Jacobs D-CA-51,19,227.7332192,11.98595891,19
369737,Senate,GA,Democrat,Sen. Raphael Warnock D-GA,51,211.8047347,4.153034013,9
369804,House,WA,Democrat,Rep. Marilyn Strickland D-WA-10,18,160.1267282,8.895929347,13
370297,House,TN,Republican,Rep. Diana Harshbarger R-TN-1,13,171.2823577,13.17556598,11
370303,House,UT,Republican,Rep. Blake Moore R-UT-1,14,150.910048,10.77928914,9
374701,Senate,AL,Republican,Sen. Tommy Tuberville R-AL,38,117.8735192,3.101934715,15
375017,House,OR,Democrat,Rep. Maxine Dexter D-OR-3,19,184.5427396,9.712775769,20
375113,House,FL,Republican,Rep. Carlos Giménez R-FL-28,11,234.2721499,21.29746818,5
381227,House,IN,Democrat,Rep. Frank Mrvan D-IN-1,16,238.2660269,14.89162668,20
385782,House,WI,Republican,Rep. Derrick Van Orden R-WI-3,20,113.2124618,5.66062309,14
386222,House,DE,Democrat,Rep. Sarah McBride D-DE,15,136.8578889,9.12385926,20
387213,House,MI,Democrat,Rep. Shri Thanedar D-MI-13,11,230.4518361,20.95016692,15
387499,House,TX,Democrat,Rep. Jasmine Crockett D-TX-30,15,81.83522961,5.455681974,7
390300,House,NY,Republican,Rep. Mike Lawler R-NY-17,24,170.7200276,7.113334483,6
390734,House,NY,Democrat,Rep. John Mannion D-NY-22,15,143.6405306,9.576035373,6
396825,House,LA,Republican,Rep. Julia Letlow R-LA-5,14,169.8499251,12.13213751,14
398811,House,FL,Republican,Rep. Cory Mills R-FL-7,18,154.7059354,8.594774191,19
398933,Senate,OH,Republican,Sen. Bernie Moreno R-OH,39,176.6887732,4.530481364,10
399217,House,AL,Republican,Rep. Dale Strong R-AL-5,15,278.7238316,18.58158877,9
404369,House,OH,Republican,Rep. Mike Carey R-OH-15,17,270.3888229,15.90522487,14
404684,House,MS,Republican,Rep. Mike Ezell R-MS-4,23,266.6366046,11.59289585,7
404823,House,TX,Republican,Rep. Morgan Luttrell R-TX-8,16,223.6792591,13.9799537,13
404824,House,OH,Democrat,Rep. Shontel Brown D-OH-11,19,172.4333943,9.075441806,7
407516,House,AZ,Republican,Rep. Eli Crane R-AZ-2,15,183.9235642,12.26157095,19
410426,House,PA,Democrat,Rep. Chris Deluzio D-PA-17,17,186.1018145,10.94716556,10
411632,House,AZ,Republican,Rep. Juan Ciscomani R-AZ-6,13,231.5968836,17.81514489,17
411928,House,FL,Democrat,Rep. Maxwell Frost D-FL-10,18,231.6172255,12.86762364,18
413257,House,IL,Democrat,Rep. Nikki Budzinski D-IL-13,21,57.41605689,2.734097947,20
413605,House,TX,Republican,Rep. Keith Self R-TX-3,16,278.3639905,17.3977494,18
413789,House,WY,Republican,Rep. Harriet Hageman R-WY,16,146.4609717,9.153810729,15
414758,House,OH,Republican,Rep. Max Miller R-OH-7,16,185.0211757,11.56382348,15
416993,House,MO,Republican,Rep. Mark Alford R-MO-4,17,206.8721437,12.16894963,7
417207,House,AK,Republican,Rep. Nick Begich R-AK,13,208.1484814,16.01142165,15
417822,House,TX,Republican,Rep. Nathaniel Moran R-TX-1,15,165.7609027,11.05072684,19
418087,House,IL,Democrat,Rep. Eric Sorensen D-IL-17,18,161.708078,8.983782112,5
418214,House,TX,Democrat,Rep. Greg Casar D-TX-35,22,193.1962111,8.781645961,16
420280,House,CA,Democrat,Rep. Robert Garcia D-CA-42,23,133.5392214,5.806053105,18
422300,House,NY,Democrat,Rep. Laura Gillen D-NY-4,14,223.7194543,15.97996102,8
422519,House,OH,Democrat,Rep. Greg Landsman D-OH-1,16,230.2805396,14.39253372,20
422906,Senate,PA,Republican,Sen. Dave McCormick R-PA,45,280.5687818,6.234861819,10
424340,House,NJ,Democrat,Rep. Rob Menendez D-NJ-8,19,187.0396733,9.844193334,10
429181,House,WA,Democrat,Rep. Marie Gluesenkamp Perez D-WA-3,16,247.2689038,15.45430649,17
431425,House,RI,Democrat,Rep. Seth Magaziner D-RI-2,16,98.1963392,6.1372712,6
431938,House,FL,Republican,Rep. Laurel Lee R-FL-15,15,173.9747712,11.59831808,8
433408,House,IL,Democrat,Rep. Jonathan Jackson D-IL-1,18,259.8628566,14.43682537,12
433952,House,NY,Democrat,Rep. Pat Ryan D-NY-18,20,85.67947,4.2839735,12
435358,House,TN,Republican,Rep. Andy Ogles R-TN-5,15,134.9833841,8.998892273,17
438624,House,IN,Republican,Rep. Rudy Yakym R-IN-2,12,210.106155,17.50884625,16
441370,House,GU,Republican,Del. Jim Moylan R-GU-1,13,105.2186665,8.09374358,16
442516,House,MI,Democrat,Rep. Kristen McDonald Rivet D-MI-8,14,148.8399938,10.63142813,18
443065,House,CO,Republican,Rep. Gabe Evans R-CO-8,13,118.8990364,9.146079719,5
458450,House,CA,Democrat,Rep. George Whitesides D-CA-27,12,101.2966173,8.441384774,15
461665,House,PR,Democrat,Resident Commissioner Pablo José Hernández D-PR-1,17,269.1168592,15.83040348,20
461790,House,CA,Democrat,Rep. Lateefah Simon D-CA-12,12,232.160191,19.34668259,7
461974,House,RI,Democrat,Rep. Gabe Amo D-RI-1,17,201.095331,11.82913711,9
466203,Senate,MD,Democrat,Sen. Angela Alsobrooks D-MD,33,96.91808035,2.936911526,11
468658,Senate,FL,Republican,Sen. Ashley Moody R-FL,47,143.2685686,3.048267418,13
471890,House,MO,Democrat,Rep. Wesley Bell D-MO-1,15,223.5920419,14.90613613,11
476519,House,CO,Republican,Rep. Jeff Hurd R-CO-3,21,134.5901957,6.409056939,13
476979,House,NC,Republican,Rep. Pat Harrigan R-NC-10,13,142.8849362,10.99114894,13
478639,House,PA,Republican,Rep. Rob Bresnahan R-PA-8,15,176.8652737,11.79101825,19
478640,House,CA,Democrat,Rep. Derek Tran D-CA-45,14,208.3615995,14.8829714,20
478829,House,AZ,Democrat,Rep. Yassamin Ansari D-AZ-3,17,156.3365884,9.196269908,6
479918,House,AZ,Republican,Rep. Abe Hamadeh R-AZ-8,13,270.4104457,20.80080351,7
482859,House,NC,Republican,Rep. Brad Knott R-NC-13,12,278.6645813,23.22204844,9
482861,House,VA,Democrat,Rep. Eugene Vindman D-VA-7,17,214.0557314,12.59151361,6
487250,House,TX,Republican,Rep. Brandon Gill R-TX-26,13,179.9892301,13.84532539,13
489531,Senate,MT,Republican,Sen. Tim Sheehy R-MT,29,239.9968521,8.275753519,14
489640,House,CA,Democrat,Rep. Sam Liccardo D-CA-16,16,158.4090492,9.900565573,11
490312,House,OH,Republican,Rep. Dave Taylor R-OH-2,14,119.7965342,8.5568953,8
490772,House,SC,Republican,Rep. Sheri Biggs R-SC-3,16,92.03271847,5.752044905,10
493583,House,IN,Republican,Rep. Jefferson Shreve R-IN-6,11,243.8346084,22.16678258,5
495551,House,WI,Republican,Rep. Tony Wied R-WI-8,12,165.7336327,13.81113606,7
495840,House,KS,Republican,Rep. Derek Schmidt R-KS-2,10,152.3765853,15.23765853,14
502201,House,NJ,Democrat,Rep. LaMonica McIver D-NJ-10,17,171.5991062,10.09406507,18
509056,House,GA,Republican,Rep. Brian Jack R-GA-3,11,192.0492901,17.45902637,7
509930,House,MP,Republican,Del. Kim King-Hinds R-MP-1,14,239.287135,17.09193822,19